Customer_Id,Gender,Age,City,First_Purchase_Date,Last_Purchase_Date,Total_Orders,Preferred_Category,Discount_Used_PCT,Delivery_Days,Ratings,Rule_Based_Revenue,Days_From_Last_Purchase  ,Churn,Customer_Risk,Flag_Age,Flag_Delivery,Flag_Low_Rating,Flag_Order,Flag_Discount,Toatal_Customers,Churn_Rate,Retention_Rate,Avg_Delivery_Days,Avg_Ratings,High_Risk_Customers,Low_Risk_Customers,Average_Order_Value,Customer_LifeTime_Value,CLV_Segments
CUST1000,Male,34,Mumbai,07-07-2023,22-12-2024,5,Fragrance,0.17,3,4,1750,10,NO,LOW RISK,OK,OK,OK,OK,OK,1000,72.50%,27.50%,4.43,3.7,3.30%,96.70%,350,1750,Medium CLV
CUST1001,Female,35,Chennai,26-02-2023,13-03-2024,3,Skincare,0.15,4.1,4.6,1350,294,YES,LOW RISK,OK,OK,OK,OK,OK,,,,,,,,450,1350,Low CLV
CUST1002,Male,50,Delhi,20-01-2023,28-03-2024,6,Skincare,0.52,4.2,3.7,2100,279,YES,LOW RISK,OK,OK,OK,OK,FLAG,,,,,,,,350,2100,Medium CLV
CUST1003,Male,37,Pune,30-09-2023,06-01-2024,6,Haircare,0.22,5,2.8,2100,361,YES,LOW RISK,OK,OK,FLAG,OK,OK,,,,,,,,350,2100,Medium CLV
CUST1004,Male,30,Delhi,29-04-2023,15-06-2024,8,Haircare,0.35,2.4,2.5,2800,200,YES,LOW RISK,OK,OK,FLAG,OK,OK,,,,,,,,350,2800,Medium CLV
CUST1005,Female,45,Pune,12-03-2023,11-09-2024,2,Makeup,0.11,3.1,3.3,700,112,YES,LOW RISK,OK,OK,FLAG,OK,OK,,,,,,,,350,700,Low CLV
CUST1006,Male,46,Pune,04-01-2023,08-03-2024,1,Haircare,0.67,6.7,4.2,450,299,YES,LOW RISK,OK,FLAG,OK,FLAG,FLAG,,,,,,,,450,450,Low CLV
CUST1007,Male,30,Bangalore,09-08-2023,11-02-2024,4,Makeup,0.6,6.5,4.5,1800,325,YES,LOW RISK,OK,FLAG,OK,OK,FLAG,,,,,,,,450,1800,Medium CLV
CUST1008,Male,52,Chennai,14-01-2023,13-04-2024,7,Fragrance,0.6,5.9,3.2,2450,263,YES,LOW RISK,FLAG,FLAG,FLAG,OK,FLAG,,,,,,,,350,2450,Medium CLV
CUST1009,Female,23,Mumbai,03-01-2023,11-07-2024,3,Haircare,0.28,2.1,3.7,1050,174,YES,LOW RISK,OK,OK,OK,OK,OK,,,,,,,,350,1050,Low CLV
CUST1010,Male,35,Mumbai,04-08-2023,18-10-2024,3,Skincare,0.53,3.6,3.6,1050,75,NO,LOW RISK,OK,OK,OK,OK,FLAG,,,,,,,,350,1050,Low CLV
CUST1011,Male,22,Hyderabad,17-08-2023,02-01-2024,5,Skincare,0.1,5.1,3.5,1750,365,YES,LOW RISK,OK,FLAG,OK,OK,OK,,,,,,,,350,1750,Medium CLV
CUST1012,Male,42,Pune,05-07-2023,13-10-2024,5,Haircare,0.01,3.4,3.1,1750,80,NO,LOW RISK,OK,OK,FLAG,OK,OK,,,,,,,,350,1750,Medium CLV
CUST1013,Male,19,Mumbai,24-02-2023,23-05-2024,3,Makeup,0.01,6.5,2.8,1050,223,YES,LOW RISK,OK,FLAG,FLAG,OK,OK,,,,,,,,350,1050,Low CLV
CUST1014,Female,27,Bangalore,11-09-2023,28-09-2024,9,Skincare,0.41,5.2,3,3150,95,YES,LOW RISK,OK,FLAG,FLAG,OK,OK,,,,,,,,350,3150,Medium CLV
CUST1015,Male,47,Pune,24-01-2023,11-02-2024,4,Makeup,0.32,2.4,2.6,1400,325,YES,LOW RISK,OK,OK,FLAG,OK,OK,,,,,,,,350,1400,Low CLV
CUST1016,Female,22,Bangalore,11-06-2023,04-08-2024,3,Haircare,0.36,6.5,3,1050,150,YES,LOW RISK,OK,FLAG,FLAG,OK,OK,,,,,,,,350,1050,Low CLV
CUST1017,Female,50,Mumbai,07-06-2023,16-09-2024,2,Haircare,0.01,6.8,2.5,700,107,YES,LOW RISK,OK,FLAG,FLAG,OK,OK,,,,,,,,350,700,Low CLV
CUST1018,Female,18,Mumbai,23-03-2023,18-07-2024,9,Skincare,0.3,2.4,4.1,4050,167,YES,LOW RISK,OK,OK,OK,OK,OK,,,,,,,,450,4050,High CLV
CUST1019,Male,35,Hyderabad,08-06-2023,08-11-2024,4,Haircare,0.5,4.7,3.3,1400,54,NO,LOW RISK,OK,OK,FLAG,OK,OK,,,,,,,,350,1400,Low CLV
CUST1020,Female,49,Mumbai,07-07-2023,17-11-2024,3,Fragrance,0.31,3.5,4.9,1350,45,NO,LOW RISK,OK,OK,OK,OK,OK,,,,,,,,450,1350,Low CLV
CUST1021,Male,28,Pune,01-03-2023,04-03-2024,7,Fragrance,0.51,4,3,2450,303,YES,LOW RISK,OK,OK,FLAG,OK,FLAG,,,,,,,,350,2450,Medium CLV
CUST1022,Female,38,Pune,30-07-2023,14-11-2024,8,Skincare,0.16,2.9,3.4,2800,48,NO,LOW RISK,OK,OK,FLAG,OK,OK,,,,,,,,350,2800,Medium CLV
CUST1023,Female,43,Pune,01-06-2023,23-09-2024,2,Fragrance,0.57,4.9,3.4,700,100,YES,LOW RISK,OK,OK,FLAG,OK,FLAG,,,,,,,,350,700,Low CLV
CUST1024,Female,42,Hyderabad,19-04-2023,17-05-2024,7,Makeup,0.41,6.8,2.5,2450,229,YES,LOW RISK,OK,FLAG,FLAG,OK,OK,,,,,,,,350,2450,Medium CLV
CUST1025,Female,39,Hyderabad,17-03-2023,14-05-2024,5,Skincare,0.15,4.5,4.6,2250,232,YES,LOW RISK,OK,OK,OK,OK,OK,,,,,,,,450,2250,Medium CLV
CUST1026,Female,44,Mumbai,30-01-2023,03-06-2024,5,Skincare,0.17,2.4,2.6,1750,212,YES,LOW RISK,OK,OK,FLAG,OK,OK,,,,,,,,350,1750,Medium CLV
CUST1027,Female,30,Delhi,27-04-2023,02-08-2024,3,Makeup,0.44,5.1,4.9,1350,152,YES,LOW RISK,OK,FLAG,OK,OK,OK,,,,,,,,450,1350,Low CLV
CUST1028,Female,50,Delhi,11-07-2023,27-07-2024,5,Fragrance,0.58,3.7,4.7,2250,158,YES,LOW RISK,OK,OK,OK,OK,FLAG,,,,,,,,450,2250,Medium CLV
CUST1029,Female,51,Hyderabad,19-01-2023,05-05-2024,2,Fragrance,0.29,6.3,3.8,700,241,YES,LOW RISK,FLAG,FLAG,OK,OK,OK,,,,,,,,350,700,Low CLV
CUST1030,Male,58,Mumbai,22-06-2023,03-08-2024,4,Fragrance,0.18,4.2,3.9,1400,151,YES,LOW RISK,FLAG,OK,OK,OK,OK,,,,,,,,350,1400,Low CLV
CUST1031,Male,52,Delhi,16-08-2023,03-11-2024,6,Skincare,0.61,3,4.1,2700,59,NO,LOW RISK,FLAG,OK,OK,OK,FLAG,,,,,,,,450,2700,Medium CLV
CUST1032,Female,18,Mumbai,02-07-2023,11-01-2024,1,Skincare,0.47,3,3.5,350,356,YES,LOW RISK,OK,OK,OK,FLAG,OK,,,,,,,,350,350,Low CLV
CUST1033,Female,38,Mumbai,23-04-2023,01-10-2024,4,Fragrance,0.31,5.8,4.1,1800,92,YES,LOW RISK,OK,FLAG,OK,OK,OK,,,,,,,,450,1800,Medium CLV
CUST1034,Female,23,Mumbai,02-07-2023,09-07-2024,6,Haircare,0.34,3.3,2.6,2100,176,YES,LOW RISK,OK,OK,FLAG,OK,OK,,,,,,,,350,2100,Medium CLV
CUST1035,Male,45,Chennai,26-05-2023,13-10-2024,9,Fragrance,0.14,5.8,2.6,3150,80,NO,HIGH RISK,OK,FLAG,FLAG,OK,OK,,,,,,,,350,3150,Medium CLV
CUST1036,Female,34,Pune,26-04-2023,09-08-2024,2,Makeup,0.44,3,3.6,700,145,YES,LOW RISK,OK,OK,OK,OK,OK,,,,,,,,350,700,Low CLV
CUST1037,Male,22,Mumbai,23-04-2023,30-04-2024,7,Skincare,0.25,3.6,3.9,2450,246,YES,LOW RISK,OK,OK,OK,OK,OK,,,,,,,,350,2450,Medium CLV
CUST1038,Male,48,Chennai,08-09-2023,12-12-2024,6,Makeup,0.7,4.3,4.7,2700,20,NO,LOW RISK,OK,OK,OK,OK,FLAG,,,,,,,,450,2700,Medium CLV
CUST1039,Male,22,Hyderabad,08-09-2023,10-12-2024,2,Makeup,0.34,6.7,2.8,700,22,NO,HIGH RISK,OK,FLAG,FLAG,OK,OK,,,,,,,,350,700,Low CLV
CUST1040,Male,55,Delhi,28-04-2023,01-07-2024,8,Skincare,0.34,6.7,4.6,3600,184,YES,LOW RISK,FLAG,FLAG,OK,OK,OK,,,,,,,,450,3600,High CLV
CUST1041,Male,20,Pune,10-06-2023,27-11-2024,7,Haircare,0.4,3,3,2450,35,NO,LOW RISK,OK,OK,FLAG,OK,OK,,,,,,,,350,2450,Medium CLV
CUST1042,Female,40,Delhi,17-07-2023,24-08-2024,5,Fragrance,0.64,3.8,3.5,1750,130,YES,LOW RISK,OK,OK,OK,OK,FLAG,,,,,,,,350,1750,Medium CLV
CUST1043,Female,54,Pune,17-09-2023,06-12-2024,5,Makeup,0.56,2.7,3.3,1750,26,NO,LOW RISK,FLAG,OK,FLAG,OK,FLAG,,,,,,,,350,1750,Medium CLV
CUST1044,Female,54,Delhi,28-05-2023,30-11-2024,7,Skincare,0.32,4.5,3.5,2450,32,NO,LOW RISK,FLAG,OK,OK,OK,OK,,,,,,,,350,2450,Medium CLV
CUST1045,Female,27,Pune,28-08-2023,19-11-2024,9,Makeup,0.5,4.3,2.9,3150,43,NO,LOW RISK,OK,OK,FLAG,OK,OK,,,,,,,,350,3150,Medium CLV
CUST1046,Female,27,Delhi,16-02-2023,14-05-2024,9,Fragrance,0.41,6.5,3.8,3150,232,YES,LOW RISK,OK,FLAG,OK,OK,OK,,,,,,,,350,3150,Medium CLV
CUST1047,Male,36,Delhi,17-07-2023,10-10-2024,9,Haircare,0.34,6.7,4.5,4050,83,NO,LOW RISK,OK,FLAG,OK,OK,OK,,,,,,,,450,4050,High CLV
CUST1048,Female,34,Delhi,16-02-2023,19-05-2024,6,Haircare,0.13,3.9,3.6,2100,227,YES,LOW RISK,OK,OK,OK,OK,OK,,,,,,,,350,2100,Medium CLV
CUST1049,Female,38,Delhi,19-03-2023,12-06-2024,6,Haircare,0.32,4.5,3.7,2100,203,YES,LOW RISK,OK,OK,OK,OK,OK,,,,,,,,350,2100,Medium CLV
CUST1050,Male,31,Hyderabad,04-05-2023,16-06-2024,3,Skincare,0.17,6.5,4.6,1350,199,YES,LOW RISK,OK,FLAG,OK,OK,OK,,,,,,,,450,1350,Low CLV
CUST1051,Female,26,Mumbai,16-03-2023,30-07-2024,1,Skincare,0.64,6,4.3,450,155,YES,LOW RISK,OK,FLAG,OK,FLAG,FLAG,,,,,,,,450,450,Low CLV
CUST1052,Male,18,Bangalore,17-05-2023,28-10-2024,7,Haircare,0.23,2,3.7,2450,65,NO,LOW RISK,OK,OK,OK,OK,OK,,,,,,,,350,2450,Medium CLV
CUST1053,Female,30,Chennai,31-03-2023,12-06-2024,4,Fragrance,0.67,3.6,3.1,1400,203,YES,LOW RISK,OK,OK,FLAG,OK,FLAG,,,,,,,,350,1400,Low CLV
CUST1054,Male,21,Bangalore,02-03-2023,06-04-2024,1,Fragrance,0.37,4.1,4.7,450,270,YES,LOW RISK,OK,OK,OK,FLAG,OK,,,,,,,,450,450,Low CLV
CUST1055,Female,18,Bangalore,18-05-2023,26-08-2024,8,Skincare,0.44,3.1,3.9,2800,128,YES,LOW RISK,OK,OK,OK,OK,OK,,,,,,,,350,2800,Medium CLV
CUST1056,Female,57,Pune,19-02-2023,24-07-2024,6,Haircare,0.38,3,3.1,2100,161,YES,LOW RISK,FLAG,OK,FLAG,OK,OK,,,,,,,,350,2100,Medium CLV
CUST1057,Male,49,Mumbai,16-09-2023,03-03-2024,6,Fragrance,0.09,2.2,3.2,2100,304,YES,LOW RISK,OK,OK,FLAG,OK,OK,,,,,,,,350,2100,Medium CLV
CUST1058,Male,51,Pune,17-04-2023,04-10-2024,2,Fragrance,0.26,5.2,4.5,900,89,NO,LOW RISK,FLAG,FLAG,OK,OK,OK,,,,,,,,450,900,Low CLV
CUST1059,Male,45,Mumbai,23-04-2023,09-10-2024,1,Fragrance,0.07,3.3,2.6,350,84,NO,LOW RISK,OK,OK,FLAG,FLAG,OK,,,,,,,,350,350,Low CLV
CUST1060,Male,48,Mumbai,11-09-2023,23-12-2024,2,Skincare,0.44,2.3,5,900,9,NO,LOW RISK,OK,OK,OK,OK,OK,,,,,,,,450,900,Low CLV
CUST1061,Male,25,Delhi,28-04-2023,02-07-2024,4,Haircare,0.31,3.2,2.8,1400,183,YES,LOW RISK,OK,OK,FLAG,OK,OK,,,,,,,,350,1400,Low CLV
CUST1062,Male,56,Hyderabad,17-07-2023,09-09-2024,2,Makeup,0.54,6,4.5,900,114,YES,LOW RISK,FLAG,FLAG,OK,OK,FLAG,,,,,,,,450,900,Low CLV
CUST1063,Male,43,Delhi,20-02-2023,07-09-2024,1,Haircare,0.15,6.3,3.5,350,116,YES,LOW RISK,OK,FLAG,OK,FLAG,OK,,,,,,,,350,350,Low CLV
CUST1064,Male,51,Hyderabad,02-09-2023,24-02-2024,7,Haircare,0.12,4.4,3.7,2450,312,YES,LOW RISK,FLAG,OK,OK,OK,OK,,,,,,,,350,2450,Medium CLV
CUST1065,Female,20,Pune,04-02-2023,05-05-2024,8,Skincare,0.28,4.1,4.7,3600,241,YES,LOW RISK,OK,OK,OK,OK,OK,,,,,,,,450,3600,High CLV
CUST1066,Female,29,Hyderabad,10-03-2023,31-03-2024,6,Fragrance,0.65,6.9,3.5,2100,276,YES,LOW RISK,OK,FLAG,OK,OK,FLAG,,,,,,,,350,2100,Medium CLV
CUST1067,Male,18,Pune,18-02-2023,29-05-2024,4,Fragrance,0.5,3,3.8,1400,217,YES,LOW RISK,OK,OK,OK,OK,OK,,,,,,,,350,1400,Low CLV
CUST1068,Female,22,Bangalore,15-03-2023,16-08-2024,6,Skincare,0.29,3.1,2.6,2100,138,YES,LOW RISK,OK,OK,FLAG,OK,OK,,,,,,,,350,2100,Medium CLV
CUST1069,Female,47,Bangalore,11-07-2023,08-11-2024,3,Skincare,0.36,3.5,2.5,1050,54,NO,LOW RISK,OK,OK,FLAG,OK,OK,,,,,,,,350,1050,Low CLV
CUST1070,Female,47,Hyderabad,18-09-2023,19-12-2024,8,Skincare,0.06,2.9,3.1,2800,13,NO,LOW RISK,OK,OK,FLAG,OK,OK,,,,,,,,350,2800,Medium CLV
CUST1071,Female,34,Hyderabad,11-03-2023,21-09-2024,2,Skincare,0.69,3.9,4.2,900,102,YES,LOW RISK,OK,OK,OK,OK,FLAG,,,,,,,,450,900,Low CLV
CUST1072,Male,40,Pune,31-03-2023,16-07-2024,5,Skincare,0.47,6.6,2.8,1750,169,YES,LOW RISK,OK,FLAG,FLAG,OK,OK,,,,,,,,350,1750,Medium CLV
CUST1073,Female,32,Delhi,17-09-2023,04-02-2024,1,Makeup,0.2,5.1,2.8,350,332,YES,LOW RISK,OK,FLAG,FLAG,FLAG,OK,,,,,,,,350,350,Low CLV
CUST1074,Male,54,Pune,06-05-2023,25-10-2024,6,Haircare,0.41,4.1,3.5,2100,68,NO,LOW RISK,FLAG,OK,OK,OK,OK,,,,,,,,350,2100,Medium CLV
CUST1075,Female,38,Delhi,19-08-2023,28-08-2024,2,Haircare,0.08,6.7,4.1,900,126,YES,LOW RISK,OK,FLAG,OK,OK,OK,,,,,,,,450,900,Low CLV
CUST1076,Female,31,Bangalore,22-10-2023,30-10-2024,4,Haircare,0.68,2.2,4.3,1800,63,NO,LOW RISK,OK,OK,OK,OK,FLAG,,,,,,,,450,1800,Medium CLV
CUST1077,Female,19,Mumbai,09-05-2023,06-11-2024,6,Fragrance,0.12,3.1,2.9,2100,56,NO,LOW RISK,OK,OK,FLAG,OK,OK,,,,,,,,350,2100,Medium CLV
CUST1078,Male,28,Hyderabad,07-10-2023,09-03-2024,8,Makeup,0.45,4.8,2.7,2800,298,YES,LOW RISK,OK,OK,FLAG,OK,OK,,,,,,,,350,2800,Medium CLV
CUST1079,Female,56,Delhi,10-04-2023,13-05-2024,8,Haircare,0.17,5.1,4.9,3600,233,YES,LOW RISK,FLAG,FLAG,OK,OK,OK,,,,,,,,450,3600,High CLV
CUST1080,Male,55,Pune,24-10-2023,29-02-2024,6,Fragrance,0.5,2.2,3.2,2100,307,YES,LOW RISK,FLAG,OK,FLAG,OK,OK,,,,,,,,350,2100,Medium CLV
CUST1081,Female,51,Bangalore,01-07-2023,07-12-2024,4,Makeup,0.54,4,4.6,1800,25,NO,LOW RISK,FLAG,OK,OK,OK,FLAG,,,,,,,,450,1800,Medium CLV
CUST1082,Male,55,Delhi,23-06-2023,19-09-2024,8,Makeup,0.47,5.2,4.7,3600,104,YES,LOW RISK,FLAG,FLAG,OK,OK,OK,,,,,,,,450,3600,High CLV
CUST1083,Female,51,Pune,07-07-2023,07-10-2024,8,Fragrance,0.43,5.5,4.4,3600,86,NO,LOW RISK,FLAG,FLAG,OK,OK,OK,,,,,,,,450,3600,High CLV
CUST1084,Male,35,Hyderabad,26-02-2023,07-05-2024,1,Makeup,0.62,5.2,2.9,350,239,YES,LOW RISK,OK,FLAG,FLAG,FLAG,FLAG,,,,,,,,350,350,Low CLV
CUST1085,Male,47,Hyderabad,31-01-2023,07-04-2024,4,Fragrance,0.06,3.6,4.6,1800,269,YES,LOW RISK,OK,OK,OK,OK,OK,,,,,,,,450,1800,Medium CLV
CUST1086,Female,32,Chennai,25-03-2023,19-08-2024,4,Haircare,0.23,2.5,4.4,1800,135,YES,LOW RISK,OK,OK,OK,OK,OK,,,,,,,,450,1800,Medium CLV
CUST1087,Male,44,Mumbai,01-06-2023,25-09-2024,7,Fragrance,0.17,4.1,4,2450,98,YES,LOW RISK,OK,OK,OK,OK,OK,,,,,,,,350,2450,Medium CLV
CUST1088,Female,51,Chennai,05-02-2023,09-05-2024,7,Makeup,0.69,2.6,3.3,2450,237,YES,LOW RISK,FLAG,OK,FLAG,OK,FLAG,,,,,,,,350,2450,Medium CLV
CUST1089,Female,55,Bangalore,01-08-2023,10-01-2024,8,Haircare,0.27,6.7,3.2,2800,357,YES,LOW RISK,FLAG,FLAG,FLAG,OK,OK,,,,,,,,350,2800,Medium CLV
CUST1090,Female,50,Delhi,16-04-2023,23-07-2024,5,Haircare,0.51,4.4,2.8,1750,162,YES,LOW RISK,OK,OK,FLAG,OK,FLAG,,,,,,,,350,1750,Medium CLV
CUST1091,Female,41,Bangalore,08-08-2023,28-11-2024,7,Skincare,0.48,3.6,3.8,2450,34,NO,LOW RISK,OK,OK,OK,OK,OK,,,,,,,,350,2450,Medium CLV
CUST1092,Female,32,Pune,12-06-2023,22-09-2024,8,Skincare,0.15,5.8,4,2800,101,YES,LOW RISK,OK,FLAG,OK,OK,OK,,,,,,,,350,2800,Medium CLV
CUST1093,Female,47,Hyderabad,08-08-2023,06-11-2024,9,Makeup,0.17,4.5,3.4,3150,56,NO,LOW RISK,OK,OK,FLAG,OK,OK,,,,,,,,350,3150,Medium CLV
CUST1094,Female,59,Chennai,27-09-2023,25-12-2024,3,Fragrance,0.2,3.6,3.7,1050,7,NO,LOW RISK,FLAG,OK,OK,OK,OK,,,,,,,,350,1050,Low CLV
CUST1095,Female,34,Chennai,30-04-2023,16-05-2024,3,Fragrance,0.29,6.1,3.4,1050,230,YES,LOW RISK,OK,FLAG,FLAG,OK,OK,,,,,,,,350,1050,Low CLV
CUST1096,Female,22,Chennai,01-07-2023,18-07-2024,4,Makeup,0.16,6.3,4.1,1800,167,YES,LOW RISK,OK,FLAG,OK,OK,OK,,,,,,,,450,1800,Medium CLV
CUST1097,Female,46,Bangalore,16-04-2023,05-10-2024,5,Haircare,0.01,5.4,4.8,2250,88,NO,LOW RISK,OK,FLAG,OK,OK,OK,,,,,,,,450,2250,Medium CLV
CUST1098,Female,21,Hyderabad,05-08-2023,28-11-2024,1,Makeup,0.62,2.2,2.9,350,34,NO,LOW RISK,OK,OK,FLAG,FLAG,FLAG,,,,,,,,350,350,Low CLV
CUST1099,Male,27,Delhi,24-07-2023,24-10-2024,7,Makeup,0.68,4.8,3.5,2450,69,NO,LOW RISK,OK,OK,OK,OK,FLAG,,,,,,,,350,2450,Medium CLV
CUST1100,Male,34,Pune,11-03-2023,07-09-2024,9,Haircare,0.24,5.8,2.9,3150,116,YES,LOW RISK,OK,FLAG,FLAG,OK,OK,,,,,,,,350,3150,Medium CLV
CUST1101,Female,27,Delhi,13-02-2023,14-05-2024,8,Fragrance,0.24,2.7,4.1,3600,232,YES,LOW RISK,OK,OK,OK,OK,OK,,,,,,,,450,3600,High CLV
CUST1102,Female,34,Bangalore,16-08-2023,05-11-2024,5,Makeup,0,3.1,4.3,2250,57,NO,LOW RISK,OK,OK,OK,OK,OK,,,,,,,,450,2250,Medium CLV
CUST1103,Female,37,Pune,03-07-2023,08-09-2024,4,Fragrance,0.48,6.4,4.8,1800,115,YES,LOW RISK,OK,FLAG,OK,OK,OK,,,,,,,,450,1800,Medium CLV
CUST1104,Female,41,Chennai,17-04-2023,26-10-2024,7,Makeup,0.58,2.1,3.2,2450,67,NO,LOW RISK,OK,OK,FLAG,OK,FLAG,,,,,,,,350,2450,Medium CLV
CUST1105,Female,22,Mumbai,25-03-2023,16-07-2024,5,Haircare,0.1,5.8,4.9,2250,169,YES,LOW RISK,OK,FLAG,OK,OK,OK,,,,,,,,450,2250,Medium CLV
CUST1106,Female,51,Bangalore,07-09-2023,07-09-2024,7,Haircare,0.11,4.4,2.7,2450,116,YES,LOW RISK,FLAG,OK,FLAG,OK,OK,,,,,,,,350,2450,Medium CLV
CUST1107,Female,23,Bangalore,21-01-2023,19-03-2024,1,Skincare,0.55,4.2,4,350,288,YES,LOW RISK,OK,OK,OK,FLAG,FLAG,,,,,,,,350,350,Low CLV
CUST1108,Female,19,Hyderabad,15-07-2023,15-12-2024,1,Haircare,0.43,2,2.6,350,17,NO,LOW RISK,OK,OK,FLAG,FLAG,OK,,,,,,,,350,350,Low CLV
CUST1109,Male,30,Delhi,27-06-2023,13-10-2024,3,Skincare,0.03,6.1,4.7,1350,80,NO,LOW RISK,OK,FLAG,OK,OK,OK,,,,,,,,450,1350,Low CLV
CUST1110,Female,28,Bangalore,07-01-2023,03-06-2024,2,Makeup,0.44,3.8,3.8,700,212,YES,LOW RISK,OK,OK,OK,OK,OK,,,,,,,,350,700,Low CLV
CUST1111,Male,40,Bangalore,11-03-2023,04-07-2024,2,Fragrance,0.22,4.7,4.2,900,181,YES,LOW RISK,OK,OK,OK,OK,OK,,,,,,,,450,900,Low CLV
CUST1112,Female,33,Chennai,07-05-2023,01-08-2024,7,Haircare,0.26,5.4,4.6,3150,153,YES,LOW RISK,OK,FLAG,OK,OK,OK,,,,,,,,450,3150,Medium CLV
CUST1113,Female,48,Chennai,09-06-2023,18-06-2024,2,Haircare,0.54,5.5,2.9,700,197,YES,LOW RISK,OK,FLAG,FLAG,OK,FLAG,,,,,,,,350,700,Low CLV
CUST1114,Male,28,Pune,05-09-2023,02-11-2024,4,Haircare,0.57,6.8,2.6,1400,60,NO,HIGH RISK,OK,FLAG,FLAG,OK,FLAG,,,,,,,,350,1400,Low CLV
CUST1115,Female,33,Mumbai,22-07-2023,31-08-2024,2,Makeup,0.28,4.7,4.7,900,123,YES,LOW RISK,OK,OK,OK,OK,OK,,,,,,,,450,900,Low CLV
CUST1116,Male,25,Hyderabad,28-05-2023,09-09-2024,6,Skincare,0.66,4,3.3,2100,114,YES,LOW RISK,OK,OK,FLAG,OK,FLAG,,,,,,,,350,2100,Medium CLV
CUST1117,Female,21,Mumbai,23-05-2023,02-10-2024,8,Makeup,0.28,6.8,2.8,2800,91,YES,LOW RISK,OK,FLAG,FLAG,OK,OK,,,,,,,,350,2800,Medium CLV
CUST1118,Female,57,Pune,18-07-2023,16-11-2024,4,Fragrance,0.54,5.2,3.7,1400,46,NO,LOW RISK,FLAG,FLAG,OK,OK,FLAG,,,,,,,,350,1400,Low CLV
CUST1119,Male,21,Chennai,03-06-2023,12-12-2024,5,Makeup,0.34,3.5,4,1750,20,NO,LOW RISK,OK,OK,OK,OK,OK,,,,,,,,350,1750,Medium CLV
CUST1120,Female,42,Delhi,22-05-2023,13-10-2024,4,Fragrance,0.63,2.6,2.6,1400,80,NO,LOW RISK,OK,OK,FLAG,OK,FLAG,,,,,,,,350,1400,Low CLV
CUST1121,Male,20,Chennai,14-06-2023,05-07-2024,3,Haircare,0.64,6.2,3.2,1050,180,YES,LOW RISK,OK,FLAG,FLAG,OK,FLAG,,,,,,,,350,1050,Low CLV
CUST1122,Female,49,Hyderabad,21-01-2023,28-04-2024,5,Fragrance,0.06,3.8,2.6,1750,248,YES,LOW RISK,OK,OK,FLAG,OK,OK,,,,,,,,350,1750,Medium CLV
CUST1123,Male,20,Chennai,23-03-2023,07-09-2024,9,Fragrance,0.66,5.3,3.6,3150,116,YES,LOW RISK,OK,FLAG,OK,OK,FLAG,,,,,,,,350,3150,Medium CLV
CUST1124,Male,44,Hyderabad,10-03-2023,16-05-2024,8,Skincare,0.58,4.4,4.7,3600,230,YES,LOW RISK,OK,OK,OK,OK,FLAG,,,,,,,,450,3600,High CLV
CUST1125,Female,46,Hyderabad,11-05-2023,23-11-2024,8,Fragrance,0.55,3,5,3600,39,NO,LOW RISK,OK,OK,OK,OK,FLAG,,,,,,,,450,3600,High CLV
CUST1126,Female,49,Hyderabad,28-03-2023,13-08-2024,8,Fragrance,0.14,5,4.1,3600,141,YES,LOW RISK,OK,OK,OK,OK,OK,,,,,,,,450,3600,High CLV
CUST1127,Male,36,Pune,06-08-2023,30-09-2024,8,Makeup,0.56,2.3,2.9,2800,93,YES,LOW RISK,OK,OK,FLAG,OK,FLAG,,,,,,,,350,2800,Medium CLV
CUST1128,Female,38,Hyderabad,10-06-2023,05-12-2024,7,Haircare,0.6,4.1,4.8,3150,27,NO,LOW RISK,OK,OK,OK,OK,FLAG,,,,,,,,450,3150,Medium CLV
CUST1129,Female,22,Hyderabad,27-06-2023,22-11-2024,8,Makeup,0.2,4.7,3.8,2800,40,NO,LOW RISK,OK,OK,OK,OK,OK,,,,,,,,350,2800,Medium CLV
CUST1130,Female,35,Delhi,27-04-2023,03-08-2024,8,Makeup,0.67,4.2,2.9,2800,151,YES,LOW RISK,OK,OK,FLAG,OK,FLAG,,,,,,,,350,2800,Medium CLV
CUST1131,Male,45,Mumbai,15-07-2023,28-09-2024,8,Haircare,0.03,5.7,4.8,3600,95,YES,LOW RISK,OK,FLAG,OK,OK,OK,,,,,,,,450,3600,High CLV
CUST1132,Male,59,Bangalore,27-03-2023,21-04-2024,7,Haircare,0.1,6.1,4.4,3150,255,YES,LOW RISK,FLAG,FLAG,OK,OK,OK,,,,,,,,450,3150,Medium CLV
CUST1133,Male,39,Mumbai,16-10-2023,07-02-2024,1,Fragrance,0.38,5.9,4.3,450,329,YES,LOW RISK,OK,FLAG,OK,FLAG,OK,,,,,,,,450,450,Low CLV
CUST1134,Male,38,Hyderabad,22-03-2023,15-08-2024,4,Fragrance,0.4,2.2,4.3,1800,139,YES,LOW RISK,OK,OK,OK,OK,OK,,,,,,,,450,1800,Medium CLV
CUST1135,Male,23,Delhi,01-06-2023,17-09-2024,4,Skincare,0.45,3,3,1400,106,YES,LOW RISK,OK,OK,FLAG,OK,OK,,,,,,,,350,1400,Low CLV
CUST1136,Male,18,Chennai,02-03-2023,05-09-2024,5,Makeup,0.01,4.7,3,1750,118,YES,LOW RISK,OK,OK,FLAG,OK,OK,,,,,,,,350,1750,Medium CLV
CUST1137,Male,22,Delhi,02-03-2023,16-09-2024,6,Haircare,0.67,6.7,4.2,2700,107,YES,LOW RISK,OK,FLAG,OK,OK,FLAG,,,,,,,,450,2700,Medium CLV
CUST1138,Male,58,Hyderabad,28-01-2023,15-03-2024,4,Fragrance,0.03,6.2,3,1400,292,YES,LOW RISK,FLAG,FLAG,FLAG,OK,OK,,,,,,,,350,1400,Low CLV
CUST1139,Male,29,Delhi,12-02-2023,23-04-2024,2,Haircare,0.1,6.2,3.6,700,253,YES,LOW RISK,OK,FLAG,OK,OK,OK,,,,,,,,350,700,Low CLV
CUST1140,Female,43,Delhi,18-06-2023,18-11-2024,6,Fragrance,0.01,3.5,4.5,2700,44,NO,LOW RISK,OK,OK,OK,OK,OK,,,,,,,,450,2700,Medium CLV
CUST1141,Male,51,Hyderabad,27-03-2023,05-05-2024,8,Skincare,0.4,4.1,4.5,3600,241,YES,LOW RISK,FLAG,OK,OK,OK,OK,,,,,,,,450,3600,High CLV
CUST1142,Female,31,Pune,26-06-2023,05-11-2024,8,Skincare,0.65,4.4,3.6,2800,57,NO,LOW RISK,OK,OK,OK,OK,FLAG,,,,,,,,350,2800,Medium CLV
CUST1143,Female,43,Delhi,17-01-2023,14-06-2024,7,Haircare,0.47,2.8,4.5,3150,201,YES,LOW RISK,OK,OK,OK,OK,OK,,,,,,,,450,3150,Medium CLV
CUST1144,Female,44,Bangalore,08-04-2023,17-08-2024,6,Skincare,0.58,2.2,4.6,2700,137,YES,LOW RISK,OK,OK,OK,OK,FLAG,,,,,,,,450,2700,Medium CLV
CUST1145,Male,26,Bangalore,17-07-2023,08-08-2024,2,Haircare,0.01,6.7,4.1,900,146,YES,LOW RISK,OK,FLAG,OK,OK,OK,,,,,,,,450,900,Low CLV
CUST1146,Male,43,Delhi,08-04-2023,22-07-2024,7,Fragrance,0.38,3.2,3.1,2450,163,YES,LOW RISK,OK,OK,FLAG,OK,OK,,,,,,,,350,2450,Medium CLV
CUST1147,Male,39,Pune,06-03-2023,28-05-2024,5,Makeup,0.32,3.2,3.2,1750,218,YES,LOW RISK,OK,OK,FLAG,OK,OK,,,,,,,,350,1750,Medium CLV
CUST1148,Male,47,Chennai,05-01-2023,27-05-2024,6,Skincare,0.35,2.4,3.3,2100,219,YES,LOW RISK,OK,OK,FLAG,OK,OK,,,,,,,,350,2100,Medium CLV
CUST1149,Female,34,Hyderabad,02-01-2023,27-04-2024,8,Fragrance,0.05,6.6,2.8,2800,249,YES,LOW RISK,OK,FLAG,FLAG,OK,OK,,,,,,,,350,2800,Medium CLV
CUST1150,Male,43,Bangalore,22-01-2023,10-05-2024,8,Makeup,0.48,4.9,3.2,2800,236,YES,LOW RISK,OK,OK,FLAG,OK,OK,,,,,,,,350,2800,Medium CLV
CUST1151,Male,53,Chennai,22-04-2023,04-09-2024,3,Makeup,0.35,5.3,3,1050,119,YES,LOW RISK,FLAG,FLAG,FLAG,OK,OK,,,,,,,,350,1050,Low CLV
CUST1152,Male,18,Delhi,26-02-2023,07-04-2024,7,Makeup,0.54,6.6,3.6,2450,269,YES,LOW RISK,OK,FLAG,OK,OK,FLAG,,,,,,,,350,2450,Medium CLV
CUST1153,Male,25,Chennai,07-03-2023,26-06-2024,1,Fragrance,0.34,3.7,4.8,450,189,YES,LOW RISK,OK,OK,OK,FLAG,OK,,,,,,,,450,450,Low CLV
CUST1154,Male,52,Mumbai,08-04-2023,01-09-2024,1,Fragrance,0.1,5.1,2.8,350,122,YES,LOW RISK,FLAG,FLAG,FLAG,FLAG,OK,,,,,,,,350,350,Low CLV
CUST1155,Female,32,Bangalore,24-05-2023,12-09-2024,7,Haircare,0.45,2.2,4.3,3150,111,YES,LOW RISK,OK,OK,OK,OK,OK,,,,,,,,450,3150,Medium CLV
CUST1156,Male,39,Delhi,05-05-2023,15-08-2024,9,Makeup,0.12,2.9,4.2,4050,139,YES,LOW RISK,OK,OK,OK,OK,OK,,,,,,,,450,4050,High CLV
CUST1157,Female,31,Hyderabad,16-06-2023,31-07-2024,7,Makeup,0.61,6.2,2.7,2450,154,YES,LOW RISK,OK,FLAG,FLAG,OK,FLAG,,,,,,,,350,2450,Medium CLV
CUST1158,Male,43,Pune,27-03-2023,29-08-2024,5,Makeup,0.43,5.8,4.8,2250,125,YES,LOW RISK,OK,FLAG,OK,OK,OK,,,,,,,,450,2250,Medium CLV
CUST1159,Female,45,Delhi,17-03-2023,23-05-2024,8,Haircare,0.11,3.8,3.9,2800,223,YES,LOW RISK,OK,OK,OK,OK,OK,,,,,,,,350,2800,Medium CLV
CUST1160,Male,40,Hyderabad,21-10-2023,19-02-2024,2,Makeup,0.67,3.9,3.4,700,317,YES,LOW RISK,OK,OK,FLAG,OK,FLAG,,,,,,,,350,700,Low CLV
CUST1161,Male,31,Pune,28-02-2023,14-03-2024,9,Fragrance,0.36,4.7,4.4,4050,293,YES,LOW RISK,OK,OK,OK,OK,OK,,,,,,,,450,4050,High CLV
CUST1162,Female,41,Pune,18-05-2023,29-10-2024,6,Makeup,0.05,2,3.1,2100,64,NO,LOW RISK,OK,OK,FLAG,OK,OK,,,,,,,,350,2100,Medium CLV
CUST1163,Female,19,Delhi,09-04-2023,15-08-2024,9,Skincare,0.44,3.2,4.2,4050,139,YES,LOW RISK,OK,OK,OK,OK,OK,,,,,,,,450,4050,High CLV
CUST1164,Female,43,Chennai,11-07-2023,21-01-2024,2,Fragrance,0.18,3,2.6,700,346,YES,LOW RISK,OK,OK,FLAG,OK,OK,,,,,,,,350,700,Low CLV
CUST1165,Male,31,Chennai,31-08-2023,19-12-2024,3,Haircare,0.56,3.3,4.6,1350,13,NO,LOW RISK,OK,OK,OK,OK,FLAG,,,,,,,,450,1350,Low CLV
CUST1166,Female,24,Pune,18-02-2023,13-03-2024,8,Makeup,0.57,6,3.6,2800,294,YES,LOW RISK,OK,FLAG,OK,OK,FLAG,,,,,,,,350,2800,Medium CLV
CUST1167,Male,20,Chennai,01-02-2023,27-02-2024,1,Skincare,0.69,3.4,4.1,450,309,YES,LOW RISK,OK,OK,OK,FLAG,FLAG,,,,,,,,450,450,Low CLV
CUST1168,Male,40,Mumbai,04-10-2023,12-11-2024,7,Haircare,0.35,3,3.1,2450,50,NO,LOW RISK,OK,OK,FLAG,OK,OK,,,,,,,,350,2450,Medium CLV
CUST1169,Female,35,Pune,20-01-2023,29-07-2024,7,Haircare,0.32,4.5,4.2,3150,156,YES,LOW RISK,OK,OK,OK,OK,OK,,,,,,,,450,3150,Medium CLV
CUST1170,Female,55,Pune,03-06-2023,08-12-2024,1,Fragrance,0.53,6.3,4.4,450,24,NO,LOW RISK,FLAG,FLAG,OK,FLAG,FLAG,,,,,,,,450,450,Low CLV
CUST1171,Male,52,Hyderabad,09-03-2023,19-08-2024,9,Haircare,0.09,3.2,3.7,3150,135,YES,LOW RISK,FLAG,OK,OK,OK,OK,,,,,,,,350,3150,Medium CLV
CUST1172,Male,32,Chennai,02-08-2023,25-08-2024,8,Haircare,0.38,2.4,4,2800,129,YES,LOW RISK,OK,OK,OK,OK,OK,,,,,,,,350,2800,Medium CLV
CUST1173,Female,42,Pune,23-05-2023,15-06-2024,4,Haircare,0.38,3.8,3.6,1400,200,YES,LOW RISK,OK,OK,OK,OK,OK,,,,,,,,350,1400,Low CLV
CUST1174,Female,54,Mumbai,20-08-2023,23-08-2024,5,Haircare,0.06,5.7,4.7,2250,131,YES,LOW RISK,FLAG,FLAG,OK,OK,OK,,,,,,,,450,2250,Medium CLV
CUST1175,Female,45,Hyderabad,01-08-2023,06-10-2024,2,Makeup,0.29,4.8,3.7,700,87,NO,LOW RISK,OK,OK,OK,OK,OK,,,,,,,,350,700,Low CLV
CUST1176,Male,27,Delhi,20-03-2023,22-04-2024,9,Makeup,0.6,6.1,4.6,4050,254,YES,LOW RISK,OK,FLAG,OK,OK,FLAG,,,,,,,,450,4050,High CLV
CUST1177,Male,56,Pune,02-08-2023,02-02-2024,6,Makeup,0.6,6.8,4.5,2700,334,YES,LOW RISK,FLAG,FLAG,OK,OK,FLAG,,,,,,,,450,2700,Medium CLV
CUST1178,Male,34,Mumbai,26-04-2023,19-10-2024,3,Makeup,0.07,6,3.5,1050,74,NO,LOW RISK,OK,FLAG,OK,OK,OK,,,,,,,,350,1050,Low CLV
CUST1179,Male,56,Bangalore,02-04-2023,29-09-2024,7,Skincare,0.06,5,3.1,2450,94,YES,LOW RISK,FLAG,OK,FLAG,OK,OK,,,,,,,,350,2450,Medium CLV
CUST1180,Male,39,Mumbai,27-09-2023,20-01-2024,9,Makeup,0.18,4.5,3.5,3150,347,YES,LOW RISK,OK,OK,OK,OK,OK,,,,,,,,350,3150,Medium CLV
CUST1181,Male,43,Mumbai,17-06-2023,09-07-2024,3,Haircare,0.61,2.2,4.6,1350,176,YES,LOW RISK,OK,OK,OK,OK,FLAG,,,,,,,,450,1350,Low CLV
CUST1182,Female,42,Hyderabad,27-02-2023,15-06-2024,2,Makeup,0.09,6.9,3.1,700,200,YES,LOW RISK,OK,FLAG,FLAG,OK,OK,,,,,,,,350,700,Low CLV
CUST1183,Male,34,Delhi,11-10-2023,18-12-2024,7,Makeup,0.5,3.9,3.8,2450,14,NO,LOW RISK,OK,OK,OK,OK,OK,,,,,,,,350,2450,Medium CLV
CUST1184,Male,30,Bangalore,26-01-2023,30-04-2024,7,Fragrance,0.07,2.8,4.5,3150,246,YES,LOW RISK,OK,OK,OK,OK,OK,,,,,,,,450,3150,Medium CLV
CUST1185,Male,37,Chennai,07-03-2023,03-09-2024,4,Haircare,0.44,5.3,3.4,1400,120,YES,LOW RISK,OK,FLAG,FLAG,OK,OK,,,,,,,,350,1400,Low CLV
CUST1186,Female,42,Chennai,05-09-2023,05-11-2024,9,Makeup,0.25,3.4,4.1,4050,57,NO,LOW RISK,OK,OK,OK,OK,OK,,,,,,,,450,4050,High CLV
CUST1187,Male,21,Mumbai,11-09-2023,26-02-2024,8,Makeup,0.55,4.9,3.1,2800,310,YES,LOW RISK,OK,OK,FLAG,OK,FLAG,,,,,,,,350,2800,Medium CLV
CUST1188,Male,27,Hyderabad,13-02-2023,10-04-2024,1,Makeup,0.16,4.9,2.8,350,266,YES,LOW RISK,OK,OK,FLAG,FLAG,OK,,,,,,,,350,350,Low CLV
CUST1189,Female,20,Hyderabad,07-04-2023,11-10-2024,1,Skincare,0.45,4.2,4.5,450,82,NO,LOW RISK,OK,OK,OK,FLAG,OK,,,,,,,,450,450,Low CLV
CUST1190,Male,58,Chennai,11-02-2023,05-04-2024,5,Makeup,0.16,6.2,2.7,1750,271,YES,LOW RISK,FLAG,FLAG,FLAG,OK,OK,,,,,,,,350,1750,Medium CLV
CUST1191,Male,35,Bangalore,15-08-2023,23-10-2024,6,Fragrance,0.5,3.3,3.2,2100,70,NO,LOW RISK,OK,OK,FLAG,OK,OK,,,,,,,,350,2100,Medium CLV
CUST1192,Male,53,Delhi,19-09-2023,28-12-2024,3,Haircare,0.61,4.2,4.6,1350,4,NO,LOW RISK,FLAG,OK,OK,OK,FLAG,,,,,,,,450,1350,Low CLV
CUST1193,Male,39,Bangalore,16-06-2023,11-08-2024,9,Haircare,0.09,4.7,3.4,3150,143,YES,LOW RISK,OK,OK,FLAG,OK,OK,,,,,,,,350,3150,Medium CLV
CUST1194,Male,51,Pune,06-10-2023,20-02-2024,6,Makeup,0.61,5.3,4.9,2700,316,YES,LOW RISK,FLAG,FLAG,OK,OK,FLAG,,,,,,,,450,2700,Medium CLV
CUST1195,Female,25,Pune,30-03-2023,13-09-2024,4,Makeup,0.42,5.9,4.9,1800,110,YES,LOW RISK,OK,FLAG,OK,OK,OK,,,,,,,,450,1800,Medium CLV
CUST1196,Female,57,Delhi,27-06-2023,08-11-2024,7,Makeup,0.09,4,3.2,2450,54,NO,LOW RISK,FLAG,OK,FLAG,OK,OK,,,,,,,,350,2450,Medium CLV
CUST1197,Female,36,Chennai,16-07-2023,26-10-2024,8,Haircare,0.3,5.2,2.6,2800,67,NO,HIGH RISK,OK,FLAG,FLAG,OK,OK,,,,,,,,350,2800,Medium CLV
CUST1198,Male,59,Delhi,24-09-2023,07-03-2024,9,Haircare,0.11,2.8,4.3,4050,300,YES,LOW RISK,FLAG,OK,OK,OK,OK,,,,,,,,450,4050,High CLV
CUST1199,Male,58,Hyderabad,25-09-2023,18-12-2024,6,Skincare,0.49,6.7,3.6,2100,14,NO,LOW RISK,FLAG,FLAG,OK,OK,OK,,,,,,,,350,2100,Medium CLV
CUST1200,Male,54,Pune,15-03-2023,14-05-2024,6,Fragrance,0.53,3.9,2.8,2100,232,YES,LOW RISK,FLAG,OK,FLAG,OK,FLAG,,,,,,,,350,2100,Medium CLV
CUST1201,Female,23,Mumbai,08-01-2023,10-01-2024,8,Skincare,0.07,5.6,4.3,3600,357,YES,LOW RISK,OK,FLAG,OK,OK,OK,,,,,,,,450,3600,High CLV
CUST1202,Male,43,Mumbai,24-10-2023,28-02-2024,5,Fragrance,0.35,2.1,2.6,1750,308,YES,LOW RISK,OK,OK,FLAG,OK,OK,,,,,,,,350,1750,Medium CLV
CUST1203,Male,51,Chennai,13-06-2023,08-12-2024,3,Skincare,0.57,3,4.7,1350,24,NO,LOW RISK,FLAG,OK,OK,OK,FLAG,,,,,,,,450,1350,Low CLV
CUST1204,Female,23,Hyderabad,26-03-2023,19-06-2024,3,Haircare,0.66,4.4,2.8,1050,196,YES,LOW RISK,OK,OK,FLAG,OK,FLAG,,,,,,,,350,1050,Low CLV
CUST1205,Male,54,Bangalore,13-03-2023,28-04-2024,6,Skincare,0.36,6.4,2.8,2100,248,YES,LOW RISK,FLAG,FLAG,FLAG,OK,OK,,,,,,,,350,2100,Medium CLV
CUST1206,Female,50,Hyderabad,24-02-2023,07-09-2024,2,Fragrance,0.67,4.6,2.9,700,116,YES,LOW RISK,OK,OK,FLAG,OK,FLAG,,,,,,,,350,700,Low CLV
CUST1207,Female,39,Mumbai,16-02-2023,02-05-2024,6,Makeup,0.37,6.6,4.9,2700,244,YES,LOW RISK,OK,FLAG,OK,OK,OK,,,,,,,,450,2700,Medium CLV
CUST1208,Female,38,Mumbai,26-08-2023,02-10-2024,6,Fragrance,0.28,4.4,4.2,2700,91,YES,LOW RISK,OK,OK,OK,OK,OK,,,,,,,,450,2700,Medium CLV
CUST1209,Male,23,Pune,14-04-2023,24-09-2024,8,Makeup,0.59,4.5,4.5,3600,99,YES,LOW RISK,OK,OK,OK,OK,FLAG,,,,,,,,450,3600,High CLV
CUST1210,Male,23,Hyderabad,29-07-2023,13-01-2024,7,Haircare,0.35,2.6,3.5,2450,354,YES,LOW RISK,OK,OK,OK,OK,OK,,,,,,,,350,2450,Medium CLV
CUST1211,Male,21,Hyderabad,11-02-2023,26-08-2024,8,Fragrance,0.33,6,3.3,2800,128,YES,LOW RISK,OK,FLAG,FLAG,OK,OK,,,,,,,,350,2800,Medium CLV
CUST1212,Male,47,Mumbai,25-09-2023,12-02-2024,9,Skincare,0.34,3.2,3.1,3150,324,YES,LOW RISK,OK,OK,FLAG,OK,OK,,,,,,,,350,3150,Medium CLV
CUST1213,Male,28,Bangalore,20-09-2023,15-12-2024,6,Fragrance,0.59,6.5,3.7,2100,17,NO,LOW RISK,OK,FLAG,OK,OK,FLAG,,,,,,,,350,2100,Medium CLV
CUST1214,Male,47,Chennai,16-09-2023,12-11-2024,3,Makeup,0.58,6.6,3.9,1050,50,NO,LOW RISK,OK,FLAG,OK,OK,FLAG,,,,,,,,350,1050,Low CLV
CUST1215,Male,48,Chennai,10-10-2023,28-11-2024,3,Haircare,0.28,6.7,4.1,1350,34,NO,LOW RISK,OK,FLAG,OK,OK,OK,,,,,,,,450,1350,Low CLV
CUST1216,Female,41,Hyderabad,24-04-2023,23-05-2024,1,Skincare,0.23,4.6,3.1,350,223,YES,LOW RISK,OK,OK,FLAG,FLAG,OK,,,,,,,,350,350,Low CLV
CUST1217,Male,26,Chennai,09-02-2023,17-08-2024,5,Fragrance,0.34,5.4,4.9,2250,137,YES,LOW RISK,OK,FLAG,OK,OK,OK,,,,,,,,450,2250,Medium CLV
CUST1218,Female,20,Mumbai,08-08-2023,16-11-2024,4,Makeup,0.4,5.9,2.9,1400,46,NO,HIGH RISK,OK,FLAG,FLAG,OK,OK,,,,,,,,350,1400,Low CLV
CUST1219,Male,48,Mumbai,09-05-2023,02-06-2024,9,Skincare,0.17,2.7,4.9,4050,213,YES,LOW RISK,OK,OK,OK,OK,OK,,,,,,,,450,4050,High CLV
CUST1220,Male,57,Hyderabad,08-01-2023,29-04-2024,9,Haircare,0.56,5,2.5,3150,247,YES,LOW RISK,FLAG,OK,FLAG,OK,FLAG,,,,,,,,350,3150,Medium CLV
CUST1221,Male,54,Hyderabad,11-04-2023,12-09-2024,5,Skincare,0.34,2.2,3.7,1750,111,YES,LOW RISK,FLAG,OK,OK,OK,OK,,,,,,,,350,1750,Medium CLV
CUST1222,Female,53,Pune,25-06-2023,20-12-2024,4,Haircare,0.23,4.5,3.3,1400,12,NO,LOW RISK,FLAG,OK,FLAG,OK,OK,,,,,,,,350,1400,Low CLV
CUST1223,Female,41,Hyderabad,17-04-2023,18-10-2024,7,Skincare,0.07,2.8,3.6,2450,75,NO,LOW RISK,OK,OK,OK,OK,OK,,,,,,,,350,2450,Medium CLV
CUST1224,Female,48,Bangalore,11-04-2023,14-08-2024,6,Fragrance,0.17,2.9,3.9,2100,140,YES,LOW RISK,OK,OK,OK,OK,OK,,,,,,,,350,2100,Medium CLV
CUST1225,Female,23,Chennai,17-09-2023,17-01-2024,4,Makeup,0.66,3.8,3.6,1400,350,YES,LOW RISK,OK,OK,OK,OK,FLAG,,,,,,,,350,1400,Low CLV
CUST1226,Male,19,Hyderabad,03-09-2023,19-10-2024,2,Fragrance,0.21,4.2,3.5,700,74,NO,LOW RISK,OK,OK,OK,OK,OK,,,,,,,,350,700,Low CLV
CUST1227,Female,37,Delhi,02-10-2023,27-01-2024,1,Fragrance,0.12,5.1,4.3,450,340,YES,LOW RISK,OK,FLAG,OK,FLAG,OK,,,,,,,,450,450,Low CLV
CUST1228,Male,45,Pune,01-02-2023,11-03-2024,4,Haircare,0.32,2.4,4.2,1800,296,YES,LOW RISK,OK,OK,OK,OK,OK,,,,,,,,450,1800,Medium CLV
CUST1229,Male,28,Delhi,17-05-2023,01-06-2024,4,Haircare,0.21,4.5,4.6,1800,214,YES,LOW RISK,OK,OK,OK,OK,OK,,,,,,,,450,1800,Medium CLV
CUST1230,Female,21,Mumbai,12-01-2023,02-02-2024,1,Haircare,0.02,2.9,3.1,350,334,YES,LOW RISK,OK,OK,FLAG,FLAG,OK,,,,,,,,350,350,Low CLV
CUST1231,Female,32,Chennai,16-01-2023,10-03-2024,6,Fragrance,0.23,4.9,4,2100,297,YES,LOW RISK,OK,OK,OK,OK,OK,,,,,,,,350,2100,Medium CLV
CUST1232,Female,23,Hyderabad,09-05-2023,04-10-2024,4,Skincare,0.38,5.2,4,1400,89,NO,LOW RISK,OK,FLAG,OK,OK,OK,,,,,,,,350,1400,Low CLV
CUST1233,Female,47,Delhi,04-03-2023,19-09-2024,1,Skincare,0.39,4.8,3.4,350,104,YES,LOW RISK,OK,OK,FLAG,FLAG,OK,,,,,,,,350,350,Low CLV
CUST1234,Female,55,Chennai,19-04-2023,04-05-2024,1,Fragrance,0.25,5.7,3.7,350,242,YES,LOW RISK,FLAG,FLAG,OK,FLAG,OK,,,,,,,,350,350,Low CLV
CUST1235,Female,19,Mumbai,21-01-2023,20-03-2024,1,Fragrance,0.31,3.7,3.3,350,287,YES,LOW RISK,OK,OK,FLAG,FLAG,OK,,,,,,,,350,350,Low CLV
CUST1236,Female,32,Bangalore,07-06-2023,07-07-2024,8,Makeup,0.68,5.8,2.9,2800,178,YES,LOW RISK,OK,FLAG,FLAG,OK,FLAG,,,,,,,,350,2800,Medium CLV
CUST1237,Female,28,Pune,26-09-2023,13-03-2024,8,Haircare,0.26,4.2,3,2800,294,YES,LOW RISK,OK,OK,FLAG,OK,OK,,,,,,,,350,2800,Medium CLV
CUST1238,Male,25,Chennai,11-06-2023,12-07-2024,2,Haircare,0.18,4.4,2.8,700,173,YES,LOW RISK,OK,OK,FLAG,OK,OK,,,,,,,,350,700,Low CLV
CUST1239,Female,43,Chennai,17-09-2023,21-03-2024,7,Fragrance,0.17,5.2,4.2,3150,286,YES,LOW RISK,OK,FLAG,OK,OK,OK,,,,,,,,450,3150,Medium CLV
CUST1240,Female,22,Bangalore,12-04-2023,20-09-2024,8,Fragrance,0.32,2.1,4.2,3600,103,YES,LOW RISK,OK,OK,OK,OK,OK,,,,,,,,450,3600,High CLV
CUST1241,Male,23,Chennai,11-08-2023,19-08-2024,8,Skincare,0.53,5.3,4.9,3600,135,YES,LOW RISK,OK,FLAG,OK,OK,FLAG,,,,,,,,450,3600,High CLV
CUST1242,Female,43,Mumbai,28-02-2023,16-07-2024,7,Fragrance,0.14,5.1,4.3,3150,169,YES,LOW RISK,OK,FLAG,OK,OK,OK,,,,,,,,450,3150,Medium CLV
CUST1243,Male,21,Mumbai,04-09-2023,13-09-2024,5,Skincare,0.5,3.5,2.6,1750,110,YES,LOW RISK,OK,OK,FLAG,OK,OK,,,,,,,,350,1750,Medium CLV
CUST1244,Male,36,Bangalore,08-05-2023,24-05-2024,1,Fragrance,0.01,2.4,4.7,450,222,YES,LOW RISK,OK,OK,OK,FLAG,OK,,,,,,,,450,450,Low CLV
CUST1245,Female,37,Pune,10-10-2023,16-12-2024,9,Makeup,0.29,2.5,4.7,4050,16,NO,LOW RISK,OK,OK,OK,OK,OK,,,,,,,,450,4050,High CLV
CUST1246,Male,50,Hyderabad,25-01-2023,13-03-2024,7,Makeup,0.54,6.6,3.6,2450,294,YES,LOW RISK,OK,FLAG,OK,OK,FLAG,,,,,,,,350,2450,Medium CLV
CUST1247,Male,37,Delhi,11-05-2023,06-11-2024,2,Skincare,0.24,5.4,4,700,56,NO,LOW RISK,OK,FLAG,OK,OK,OK,,,,,,,,350,700,Low CLV
CUST1248,Male,29,Hyderabad,15-07-2023,02-11-2024,6,Haircare,0.39,2.6,4.9,2700,60,NO,LOW RISK,OK,OK,OK,OK,OK,,,,,,,,450,2700,Medium CLV
CUST1249,Male,18,Chennai,08-10-2023,08-03-2024,2,Makeup,0.14,3.8,3.8,700,299,YES,LOW RISK,OK,OK,OK,OK,OK,,,,,,,,350,700,Low CLV
CUST1250,Female,43,Delhi,03-06-2023,03-10-2024,1,Skincare,0.52,5,4.8,450,90,NO,LOW RISK,OK,OK,OK,FLAG,FLAG,,,,,,,,450,450,Low CLV
CUST1251,Male,31,Bangalore,13-05-2023,08-10-2024,7,Fragrance,0.04,6.2,2.7,2450,85,NO,HIGH RISK,OK,FLAG,FLAG,OK,OK,,,,,,,,350,2450,Medium CLV
CUST1252,Female,55,Bangalore,15-08-2023,23-11-2024,2,Fragrance,0.6,2.2,3,700,39,NO,LOW RISK,FLAG,OK,FLAG,OK,FLAG,,,,,,,,350,700,Low CLV
CUST1253,Male,54,Pune,08-07-2023,17-10-2024,2,Skincare,0.14,3.2,3.6,700,76,NO,LOW RISK,FLAG,OK,OK,OK,OK,,,,,,,,350,700,Low CLV
CUST1254,Male,28,Delhi,22-09-2023,25-11-2024,5,Haircare,0.61,6.4,4,1750,37,NO,LOW RISK,OK,FLAG,OK,OK,FLAG,,,,,,,,350,1750,Medium CLV
CUST1255,Male,53,Mumbai,14-05-2023,20-11-2024,5,Skincare,0.25,2,4.5,2250,42,NO,LOW RISK,FLAG,OK,OK,OK,OK,,,,,,,,450,2250,Medium CLV
CUST1256,Male,30,Delhi,30-07-2023,18-09-2024,7,Skincare,0.51,3,5,3150,105,YES,LOW RISK,OK,OK,OK,OK,FLAG,,,,,,,,450,3150,Medium CLV
CUST1257,Female,20,Chennai,01-03-2023,05-04-2024,1,Makeup,0.22,6.8,3.5,350,271,YES,LOW RISK,OK,FLAG,OK,FLAG,OK,,,,,,,,350,350,Low CLV
CUST1258,Female,50,Mumbai,01-08-2023,20-10-2024,8,Skincare,0.63,5.1,2.6,2800,73,NO,HIGH RISK,OK,FLAG,FLAG,OK,FLAG,,,,,,,,350,2800,Medium CLV
CUST1259,Male,23,Bangalore,04-08-2023,08-12-2024,3,Skincare,0.09,3.3,4.5,1350,24,NO,LOW RISK,OK,OK,OK,OK,OK,,,,,,,,450,1350,Low CLV
CUST1260,Male,27,Delhi,14-08-2023,09-11-2024,4,Fragrance,0.12,2.3,4,1400,53,NO,LOW RISK,OK,OK,OK,OK,OK,,,,,,,,350,1400,Low CLV
CUST1261,Female,22,Hyderabad,11-05-2023,20-11-2024,9,Makeup,0.35,2.1,3,3150,42,NO,LOW RISK,OK,OK,FLAG,OK,OK,,,,,,,,350,3150,Medium CLV
CUST1262,Male,40,Pune,17-03-2023,28-06-2024,4,Fragrance,0.06,3.2,3.7,1400,187,YES,LOW RISK,OK,OK,OK,OK,OK,,,,,,,,350,1400,Low CLV
CUST1263,Male,27,Hyderabad,13-10-2023,27-10-2024,5,Fragrance,0.14,6.4,4.4,2250,66,NO,LOW RISK,OK,FLAG,OK,OK,OK,,,,,,,,450,2250,Medium CLV
CUST1264,Male,19,Pune,04-10-2023,07-01-2024,7,Haircare,0.66,4.1,4.4,3150,360,YES,LOW RISK,OK,OK,OK,OK,FLAG,,,,,,,,450,3150,Medium CLV
CUST1265,Female,30,Chennai,05-06-2023,18-11-2024,4,Haircare,0.68,5.6,3.7,1400,44,NO,LOW RISK,OK,FLAG,OK,OK,FLAG,,,,,,,,350,1400,Low CLV
CUST1266,Female,57,Hyderabad,05-09-2023,05-01-2024,1,Makeup,0.26,6.6,3.3,350,362,YES,LOW RISK,FLAG,FLAG,FLAG,FLAG,OK,,,,,,,,350,350,Low CLV
CUST1267,Female,19,Delhi,06-08-2023,19-02-2024,9,Makeup,0.65,4,4.9,4050,317,YES,LOW RISK,OK,OK,OK,OK,FLAG,,,,,,,,450,4050,High CLV
CUST1268,Male,37,Delhi,09-07-2023,09-07-2024,4,Haircare,0.38,3,4.2,1800,176,YES,LOW RISK,OK,OK,OK,OK,OK,,,,,,,,450,1800,Medium CLV
CUST1269,Male,18,Hyderabad,12-06-2023,09-11-2024,9,Haircare,0.19,4.6,3.5,3150,53,NO,LOW RISK,OK,OK,OK,OK,OK,,,,,,,,350,3150,Medium CLV
CUST1270,Female,54,Delhi,29-06-2023,28-10-2024,6,Haircare,0.49,6.5,3.2,2100,65,NO,HIGH RISK,FLAG,FLAG,FLAG,OK,OK,,,,,,,,350,2100,Medium CLV
CUST1271,Female,26,Chennai,03-02-2023,19-07-2024,1,Haircare,0.46,6,4.3,450,166,YES,LOW RISK,OK,FLAG,OK,FLAG,OK,,,,,,,,450,450,Low CLV
CUST1272,Female,34,Mumbai,10-02-2023,15-06-2024,3,Haircare,0.69,2.3,3.1,1050,200,YES,LOW RISK,OK,OK,FLAG,OK,FLAG,,,,,,,,350,1050,Low CLV
CUST1273,Female,26,Chennai,16-03-2023,11-05-2024,2,Fragrance,0.19,5.5,2.9,700,235,YES,LOW RISK,OK,FLAG,FLAG,OK,OK,,,,,,,,350,700,Low CLV
CUST1274,Male,28,Pune,06-10-2023,25-12-2024,9,Makeup,0.47,4.9,3.8,3150,7,NO,LOW RISK,OK,OK,OK,OK,OK,,,,,,,,350,3150,Medium CLV
CUST1275,Female,32,Chennai,25-06-2023,03-12-2024,1,Fragrance,0.04,6.5,3.2,350,29,NO,HIGH RISK,OK,FLAG,FLAG,FLAG,OK,,,,,,,,350,350,Low CLV
CUST1276,Male,41,Pune,30-05-2023,14-11-2024,9,Fragrance,0.08,2.6,4.1,4050,48,NO,LOW RISK,OK,OK,OK,OK,OK,,,,,,,,450,4050,High CLV
CUST1277,Female,55,Delhi,30-09-2023,11-12-2024,9,Skincare,0,4.7,2.8,3150,21,NO,LOW RISK,FLAG,OK,FLAG,OK,OK,,,,,,,,350,3150,Medium CLV
CUST1278,Male,52,Mumbai,18-04-2023,05-09-2024,8,Fragrance,0.7,6.4,4.1,3600,118,YES,LOW RISK,FLAG,FLAG,OK,OK,FLAG,,,,,,,,450,3600,High CLV
CUST1279,Female,47,Delhi,19-05-2023,27-07-2024,8,Haircare,0.56,4.1,3.2,2800,158,YES,LOW RISK,OK,OK,FLAG,OK,FLAG,,,,,,,,350,2800,Medium CLV
CUST1280,Female,48,Bangalore,28-09-2023,03-10-2024,1,Haircare,0.55,4.4,2.5,350,90,NO,LOW RISK,OK,OK,FLAG,FLAG,FLAG,,,,,,,,350,350,Low CLV
CUST1281,Female,22,Delhi,16-10-2023,07-01-2024,8,Skincare,0.36,2.4,2.8,2800,360,YES,LOW RISK,OK,OK,FLAG,OK,OK,,,,,,,,350,2800,Medium CLV
CUST1282,Female,31,Pune,31-07-2023,20-09-2024,3,Skincare,0.21,3.4,4.8,1350,103,YES,LOW RISK,OK,OK,OK,OK,OK,,,,,,,,450,1350,Low CLV
CUST1283,Male,28,Delhi,29-09-2023,01-10-2024,7,Skincare,0.11,3.6,4.7,3150,92,YES,LOW RISK,OK,OK,OK,OK,OK,,,,,,,,450,3150,Medium CLV
CUST1284,Female,26,Delhi,07-03-2023,26-05-2024,1,Skincare,0.2,6.7,3.1,350,220,YES,LOW RISK,OK,FLAG,FLAG,FLAG,OK,,,,,,,,350,350,Low CLV
CUST1285,Male,51,Mumbai,05-09-2023,06-11-2024,1,Skincare,0.26,3.4,4.4,450,56,NO,LOW RISK,FLAG,OK,OK,FLAG,OK,,,,,,,,450,450,Low CLV
CUST1286,Male,29,Delhi,05-06-2023,23-07-2024,5,Fragrance,0.53,4.3,4,1750,162,YES,LOW RISK,OK,OK,OK,OK,FLAG,,,,,,,,350,1750,Medium CLV
CUST1287,Male,52,Mumbai,16-02-2023,02-05-2024,5,Skincare,0.38,5.4,4.9,2250,244,YES,LOW RISK,FLAG,FLAG,OK,OK,OK,,,,,,,,450,2250,Medium CLV
CUST1288,Male,52,Hyderabad,20-07-2023,08-11-2024,8,Fragrance,0.05,2.8,3.4,2800,54,NO,LOW RISK,FLAG,OK,FLAG,OK,OK,,,,,,,,350,2800,Medium CLV
CUST1289,Female,18,Bangalore,28-05-2023,18-11-2024,7,Makeup,0.01,4.4,4.2,3150,44,NO,LOW RISK,OK,OK,OK,OK,OK,,,,,,,,450,3150,Medium CLV
CUST1290,Male,57,Mumbai,04-05-2023,20-08-2024,8,Skincare,0.07,5.7,2.7,2800,134,YES,LOW RISK,FLAG,FLAG,FLAG,OK,OK,,,,,,,,350,2800,Medium CLV
CUST1291,Male,39,Pune,01-01-2023,02-07-2024,6,Skincare,0.29,6.3,3.5,2100,183,YES,LOW RISK,OK,FLAG,OK,OK,OK,,,,,,,,350,2100,Medium CLV
CUST1292,Male,46,Hyderabad,04-09-2023,13-03-2024,6,Fragrance,0.65,5.1,4.9,2700,294,YES,LOW RISK,OK,FLAG,OK,OK,FLAG,,,,,,,,450,2700,Medium CLV
CUST1293,Female,25,Mumbai,08-05-2023,11-07-2024,2,Makeup,0.45,5.3,3.8,700,174,YES,LOW RISK,OK,FLAG,OK,OK,OK,,,,,,,,350,700,Low CLV
CUST1294,Female,28,Mumbai,10-07-2023,28-09-2024,6,Fragrance,0.56,2.6,3.2,2100,95,YES,LOW RISK,OK,OK,FLAG,OK,FLAG,,,,,,,,350,2100,Medium CLV
CUST1295,Female,58,Bangalore,08-03-2023,18-09-2024,5,Fragrance,0.33,6.7,2.8,1750,105,YES,LOW RISK,FLAG,FLAG,FLAG,OK,OK,,,,,,,,350,1750,Medium CLV
CUST1296,Female,54,Pune,04-01-2023,18-01-2024,3,Skincare,0.25,2.7,4.3,1350,349,YES,LOW RISK,FLAG,OK,OK,OK,OK,,,,,,,,450,1350,Low CLV
CUST1297,Male,31,Chennai,21-10-2023,28-01-2024,6,Haircare,0.08,5.9,4.1,2700,339,YES,LOW RISK,OK,FLAG,OK,OK,OK,,,,,,,,450,2700,Medium CLV
CUST1298,Male,47,Chennai,23-05-2023,23-06-2024,8,Haircare,0.61,3.3,3.4,2800,192,YES,LOW RISK,OK,OK,FLAG,OK,FLAG,,,,,,,,350,2800,Medium CLV
CUST1299,Female,52,Mumbai,10-07-2023,13-10-2024,9,Fragrance,0.55,6.7,4.9,4050,80,NO,LOW RISK,FLAG,FLAG,OK,OK,FLAG,,,,,,,,450,4050,High CLV
CUST1300,Male,38,Delhi,21-01-2023,28-05-2024,1,Skincare,0.12,5.6,2.6,350,218,YES,LOW RISK,OK,FLAG,FLAG,FLAG,OK,,,,,,,,350,350,Low CLV
CUST1301,Male,54,Pune,15-08-2023,26-02-2024,3,Makeup,0.36,5.8,3.3,1050,310,YES,LOW RISK,FLAG,FLAG,FLAG,OK,OK,,,,,,,,350,1050,Low CLV
CUST1302,Male,22,Hyderabad,27-04-2023,19-09-2024,3,Haircare,0.34,3.1,4.8,1350,104,YES,LOW RISK,OK,OK,OK,OK,OK,,,,,,,,450,1350,Low CLV
CUST1303,Female,36,Delhi,22-05-2023,11-09-2024,8,Makeup,0.44,4.2,3.3,2800,112,YES,LOW RISK,OK,OK,FLAG,OK,OK,,,,,,,,350,2800,Medium CLV
CUST1304,Female,31,Delhi,08-02-2023,01-05-2024,1,Haircare,0.66,5.1,3.1,350,245,YES,LOW RISK,OK,FLAG,FLAG,FLAG,FLAG,,,,,,,,350,350,Low CLV
CUST1305,Male,43,Pune,09-09-2023,21-10-2024,5,Skincare,0.41,5.8,3.8,1750,72,NO,LOW RISK,OK,FLAG,OK,OK,OK,,,,,,,,350,1750,Medium CLV
CUST1306,Female,21,Mumbai,26-07-2023,18-11-2024,3,Fragrance,0.38,2.5,4.6,1350,44,NO,LOW RISK,OK,OK,OK,OK,OK,,,,,,,,450,1350,Low CLV
CUST1307,Female,42,Mumbai,29-07-2023,07-01-2024,2,Makeup,0.04,6.8,2.8,700,360,YES,LOW RISK,OK,FLAG,FLAG,OK,OK,,,,,,,,350,700,Low CLV
CUST1308,Female,59,Mumbai,25-04-2023,11-07-2024,8,Makeup,0.04,6.5,4.9,3600,174,YES,LOW RISK,FLAG,FLAG,OK,OK,OK,,,,,,,,450,3600,High CLV
CUST1309,Female,42,Mumbai,13-08-2023,09-10-2024,3,Fragrance,0.13,3.4,4.5,1350,84,NO,LOW RISK,OK,OK,OK,OK,OK,,,,,,,,450,1350,Low CLV
CUST1310,Female,35,Chennai,14-05-2023,15-06-2024,7,Makeup,0.02,6.1,3,2450,200,YES,LOW RISK,OK,FLAG,FLAG,OK,OK,,,,,,,,350,2450,Medium CLV
CUST1311,Male,57,Mumbai,08-09-2023,21-09-2024,1,Haircare,0.52,4.6,4.3,450,102,YES,LOW RISK,FLAG,OK,OK,FLAG,FLAG,,,,,,,,450,450,Low CLV
CUST1312,Female,25,Chennai,07-08-2023,15-01-2024,6,Fragrance,0.51,4.3,3.5,2100,352,YES,LOW RISK,OK,OK,OK,OK,FLAG,,,,,,,,350,2100,Medium CLV
CUST1313,Male,56,Chennai,01-04-2023,06-10-2024,3,Haircare,0.1,3.6,3.5,1050,87,NO,LOW RISK,FLAG,OK,OK,OK,OK,,,,,,,,350,1050,Low CLV
CUST1314,Male,57,Mumbai,15-02-2023,26-06-2024,8,Haircare,0.59,4.9,4.5,3600,189,YES,LOW RISK,FLAG,OK,OK,OK,FLAG,,,,,,,,450,3600,High CLV
CUST1315,Female,31,Bangalore,07-02-2023,06-04-2024,6,Skincare,0.11,5.6,4.9,2700,270,YES,LOW RISK,OK,FLAG,OK,OK,OK,,,,,,,,450,2700,Medium CLV
CUST1316,Male,49,Hyderabad,22-05-2023,25-10-2024,2,Haircare,0.21,4.1,2.8,700,68,NO,LOW RISK,OK,OK,FLAG,OK,OK,,,,,,,,350,700,Low CLV
CUST1317,Male,55,Delhi,10-04-2023,01-07-2024,6,Skincare,0.17,5.1,3.6,2100,184,YES,LOW RISK,FLAG,FLAG,OK,OK,OK,,,,,,,,350,2100,Medium CLV
CUST1318,Male,50,Chennai,09-07-2023,19-11-2024,7,Makeup,0.26,5.5,3.7,2450,43,NO,LOW RISK,OK,FLAG,OK,OK,OK,,,,,,,,350,2450,Medium CLV
CUST1319,Female,40,Pune,04-02-2023,04-06-2024,5,Makeup,0.18,5.6,3.4,1750,211,YES,LOW RISK,OK,FLAG,FLAG,OK,OK,,,,,,,,350,1750,Medium CLV
CUST1320,Female,32,Pune,27-05-2023,19-11-2024,3,Skincare,0.34,2.3,3.4,1050,43,NO,LOW RISK,OK,OK,FLAG,OK,OK,,,,,,,,350,1050,Low CLV
CUST1321,Male,50,Hyderabad,30-01-2023,16-07-2024,4,Haircare,0.29,6.3,2.6,1400,169,YES,LOW RISK,OK,FLAG,FLAG,OK,OK,,,,,,,,350,1400,Low CLV
CUST1322,Female,42,Pune,25-03-2023,15-06-2024,4,Fragrance,0.69,4.3,4.2,1800,200,YES,LOW RISK,OK,OK,OK,OK,FLAG,,,,,,,,450,1800,Medium CLV
CUST1323,Female,34,Bangalore,08-10-2023,17-04-2024,6,Fragrance,0.04,3.3,3.6,2100,259,YES,LOW RISK,OK,OK,OK,OK,OK,,,,,,,,350,2100,Medium CLV
CUST1324,Female,50,Pune,27-09-2023,10-04-2024,1,Skincare,0.1,3.2,3,350,266,YES,LOW RISK,OK,OK,FLAG,FLAG,OK,,,,,,,,350,350,Low CLV
CUST1325,Female,19,Delhi,03-06-2023,29-06-2024,4,Makeup,0.04,4.4,4.5,1800,186,YES,LOW RISK,OK,OK,OK,OK,OK,,,,,,,,450,1800,Medium CLV
CUST1326,Male,31,Delhi,12-04-2023,30-06-2024,4,Makeup,0.44,6.4,4.5,1800,185,YES,LOW RISK,OK,FLAG,OK,OK,OK,,,,,,,,450,1800,Medium CLV
CUST1327,Male,57,Chennai,03-08-2023,14-12-2024,1,Fragrance,0.04,3.9,3.7,350,18,NO,LOW RISK,FLAG,OK,OK,FLAG,OK,,,,,,,,350,350,Low CLV
CUST1328,Female,57,Mumbai,30-05-2023,11-06-2024,9,Skincare,0.59,5.7,3.2,3150,204,YES,LOW RISK,FLAG,FLAG,FLAG,OK,FLAG,,,,,,,,350,3150,Medium CLV
CUST1329,Female,56,Bangalore,24-03-2023,26-05-2024,4,Fragrance,0.36,2.5,4.1,1800,220,YES,LOW RISK,FLAG,OK,OK,OK,OK,,,,,,,,450,1800,Medium CLV
CUST1330,Male,23,Chennai,20-04-2023,26-10-2024,7,Haircare,0.37,4.4,3.2,2450,67,NO,LOW RISK,OK,OK,FLAG,OK,OK,,,,,,,,350,2450,Medium CLV
CUST1331,Male,23,Bangalore,02-10-2023,25-02-2024,3,Haircare,0.39,7,3.1,1050,311,YES,LOW RISK,OK,FLAG,FLAG,OK,OK,,,,,,,,350,1050,Low CLV
CUST1332,Female,20,Mumbai,20-07-2023,07-10-2024,3,Skincare,0.12,5.9,4.3,1350,86,NO,LOW RISK,OK,FLAG,OK,OK,OK,,,,,,,,450,1350,Low CLV
CUST1333,Male,24,Pune,11-10-2023,10-02-2024,8,Skincare,0.14,3.1,2.6,2800,326,YES,LOW RISK,OK,OK,FLAG,OK,OK,,,,,,,,350,2800,Medium CLV
CUST1334,Female,25,Pune,22-06-2023,03-08-2024,8,Haircare,0.22,4.5,2.7,2800,151,YES,LOW RISK,OK,OK,FLAG,OK,OK,,,,,,,,350,2800,Medium CLV
CUST1335,Female,59,Mumbai,25-07-2023,21-10-2024,1,Makeup,0.42,3.2,2.5,350,72,NO,LOW RISK,FLAG,OK,FLAG,FLAG,OK,,,,,,,,350,350,Low CLV
CUST1336,Male,32,Chennai,04-03-2023,29-07-2024,2,Skincare,0.15,4,2.9,700,156,YES,LOW RISK,OK,OK,FLAG,OK,OK,,,,,,,,350,700,Low CLV
CUST1337,Male,46,Mumbai,14-03-2023,16-06-2024,8,Haircare,0.08,5.9,2.7,2800,199,YES,LOW RISK,OK,FLAG,FLAG,OK,OK,,,,,,,,350,2800,Medium CLV
CUST1338,Female,50,Hyderabad,08-09-2023,21-03-2024,1,Haircare,0.68,5.9,5,450,286,YES,LOW RISK,OK,FLAG,OK,FLAG,FLAG,,,,,,,,450,450,Low CLV
CUST1339,Female,47,Delhi,04-05-2023,22-10-2024,8,Makeup,0.02,3.1,3.2,2800,71,NO,LOW RISK,OK,OK,FLAG,OK,OK,,,,,,,,350,2800,Medium CLV
CUST1340,Male,56,Chennai,01-05-2023,28-09-2024,8,Makeup,0.56,6.6,2.9,2800,95,YES,LOW RISK,FLAG,FLAG,FLAG,OK,FLAG,,,,,,,,350,2800,Medium CLV
CUST1341,Female,44,Bangalore,02-10-2023,03-10-2024,2,Makeup,0.55,5,3.1,700,90,NO,LOW RISK,OK,OK,FLAG,OK,FLAG,,,,,,,,350,700,Low CLV
CUST1342,Male,53,Hyderabad,30-04-2023,27-08-2024,4,Makeup,0.21,3.9,4.8,1800,127,YES,LOW RISK,FLAG,OK,OK,OK,OK,,,,,,,,450,1800,Medium CLV
CUST1343,Female,46,Chennai,13-06-2023,04-07-2024,6,Fragrance,0.09,4.5,3.8,2100,181,YES,LOW RISK,OK,OK,OK,OK,OK,,,,,,,,350,2100,Medium CLV
CUST1344,Male,55,Mumbai,13-10-2023,04-02-2024,9,Makeup,0.1,5,3.4,3150,332,YES,LOW RISK,FLAG,OK,FLAG,OK,OK,,,,,,,,350,3150,Medium CLV
CUST1345,Male,50,Mumbai,22-09-2023,17-11-2024,8,Fragrance,0.49,4.8,4.7,3600,45,NO,LOW RISK,OK,OK,OK,OK,OK,,,,,,,,450,3600,High CLV
CUST1346,Male,54,Mumbai,10-06-2023,20-08-2024,8,Skincare,0.45,4.4,3.5,2800,134,YES,LOW RISK,FLAG,OK,OK,OK,OK,,,,,,,,350,2800,Medium CLV
CUST1347,Female,44,Mumbai,30-03-2023,05-04-2024,7,Haircare,0.55,4.5,3.3,2450,271,YES,LOW RISK,OK,OK,FLAG,OK,FLAG,,,,,,,,350,2450,Medium CLV
CUST1348,Female,50,Bangalore,22-05-2023,21-11-2024,9,Fragrance,0.66,2.9,3,3150,41,NO,LOW RISK,OK,OK,FLAG,OK,FLAG,,,,,,,,350,3150,Medium CLV
CUST1349,Male,21,Hyderabad,22-07-2023,17-11-2024,2,Skincare,0.48,6.1,3.4,700,45,NO,HIGH RISK,OK,FLAG,FLAG,OK,OK,,,,,,,,350,700,Low CLV
CUST1350,Female,39,Pune,15-08-2023,25-02-2024,3,Skincare,0.11,4.7,3.3,1050,311,YES,LOW RISK,OK,OK,FLAG,OK,OK,,,,,,,,350,1050,Low CLV
CUST1351,Male,19,Delhi,10-08-2023,01-12-2024,8,Fragrance,0.17,2.7,4.2,3600,31,NO,LOW RISK,OK,OK,OK,OK,OK,,,,,,,,450,3600,High CLV
CUST1352,Male,27,Bangalore,10-02-2023,25-02-2024,6,Skincare,0.59,5.8,3.2,2100,311,YES,LOW RISK,OK,FLAG,FLAG,OK,FLAG,,,,,,,,350,2100,Medium CLV
CUST1353,Female,22,Bangalore,15-07-2023,05-10-2024,9,Skincare,0.15,6.7,3.9,3150,88,NO,LOW RISK,OK,FLAG,OK,OK,OK,,,,,,,,350,3150,Medium CLV
CUST1354,Female,27,Pune,09-03-2023,03-09-2024,4,Fragrance,0.05,6.7,2.7,1400,120,YES,LOW RISK,OK,FLAG,FLAG,OK,OK,,,,,,,,350,1400,Low CLV
CUST1355,Male,50,Pune,21-09-2023,01-12-2024,8,Skincare,0.49,3.8,3,2800,31,NO,LOW RISK,OK,OK,FLAG,OK,OK,,,,,,,,350,2800,Medium CLV
CUST1356,Female,55,Delhi,02-01-2023,05-05-2024,3,Makeup,0.28,2.7,3.5,1050,241,YES,LOW RISK,FLAG,OK,OK,OK,OK,,,,,,,,350,1050,Low CLV
CUST1357,Female,30,Delhi,05-05-2023,25-08-2024,3,Makeup,0.64,4.6,4.8,1350,129,YES,LOW RISK,OK,OK,OK,OK,FLAG,,,,,,,,450,1350,Low CLV
CUST1358,Male,48,Pune,20-04-2023,01-05-2024,8,Haircare,0.46,2.6,3.4,2800,245,YES,LOW RISK,OK,OK,FLAG,OK,OK,,,,,,,,350,2800,Medium CLV
CUST1359,Male,53,Mumbai,27-03-2023,30-07-2024,5,Skincare,0.06,6.7,4.2,2250,155,YES,LOW RISK,FLAG,FLAG,OK,OK,OK,,,,,,,,450,2250,Medium CLV
CUST1360,Female,41,Bangalore,30-04-2023,21-06-2024,3,Haircare,0.66,2.9,3.1,1050,194,YES,LOW RISK,OK,OK,FLAG,OK,FLAG,,,,,,,,350,1050,Low CLV
CUST1361,Male,32,Chennai,07-05-2023,20-07-2024,1,Makeup,0.18,3.3,2.8,350,165,YES,LOW RISK,OK,OK,FLAG,FLAG,OK,,,,,,,,350,350,Low CLV
CUST1362,Male,46,Delhi,12-09-2023,22-01-2024,3,Makeup,0.24,4,2.6,1050,345,YES,LOW RISK,OK,OK,FLAG,OK,OK,,,,,,,,350,1050,Low CLV
CUST1363,Female,25,Delhi,02-07-2023,28-07-2024,9,Makeup,0.28,3.9,3.3,3150,157,YES,LOW RISK,OK,OK,FLAG,OK,OK,,,,,,,,350,3150,Medium CLV
CUST1364,Male,22,Pune,16-01-2023,04-06-2024,5,Skincare,0.04,6,2.9,1750,211,YES,LOW RISK,OK,FLAG,FLAG,OK,OK,,,,,,,,350,1750,Medium CLV
CUST1365,Male,46,Hyderabad,03-03-2023,25-07-2024,2,Skincare,0.35,4.3,2.9,700,160,YES,LOW RISK,OK,OK,FLAG,OK,OK,,,,,,,,350,700,Low CLV
CUST1366,Female,21,Chennai,07-06-2023,18-10-2024,7,Makeup,0.09,2.9,4.4,3150,75,NO,LOW RISK,OK,OK,OK,OK,OK,,,,,,,,450,3150,Medium CLV
CUST1367,Female,29,Chennai,25-09-2023,30-12-2024,2,Haircare,0.28,3.3,2.5,700,2,NO,LOW RISK,OK,OK,FLAG,OK,OK,,,,,,,,350,700,Low CLV
CUST1368,Male,19,Delhi,04-02-2023,08-02-2024,4,Haircare,0.25,4.5,3.9,1400,328,YES,LOW RISK,OK,OK,OK,OK,OK,,,,,,,,350,1400,Low CLV
CUST1369,Male,44,Mumbai,24-09-2023,19-11-2024,7,Fragrance,0.54,2.7,3.4,2450,43,NO,LOW RISK,OK,OK,FLAG,OK,FLAG,,,,,,,,350,2450,Medium CLV
CUST1370,Female,48,Hyderabad,05-03-2023,07-08-2024,4,Makeup,0.56,5.1,3.8,1400,147,YES,LOW RISK,OK,FLAG,OK,OK,FLAG,,,,,,,,350,1400,Low CLV
CUST1371,Female,53,Chennai,19-02-2023,07-05-2024,7,Haircare,0.11,4.8,3.9,2450,239,YES,LOW RISK,FLAG,OK,OK,OK,OK,,,,,,,,350,2450,Medium CLV
CUST1372,Female,53,Delhi,12-09-2023,19-11-2024,7,Makeup,0.26,5.6,3.3,2450,43,NO,HIGH RISK,FLAG,FLAG,FLAG,OK,OK,,,,,,,,350,2450,Medium CLV
CUST1373,Female,43,Chennai,29-05-2023,23-09-2024,1,Haircare,0.26,6.7,3.2,350,100,YES,LOW RISK,OK,FLAG,FLAG,FLAG,OK,,,,,,,,350,350,Low CLV
CUST1374,Male,44,Hyderabad,03-10-2023,30-01-2024,6,Fragrance,0.11,6.6,4.3,2700,337,YES,LOW RISK,OK,FLAG,OK,OK,OK,,,,,,,,450,2700,Medium CLV
CUST1375,Female,22,Hyderabad,21-06-2023,18-08-2024,9,Fragrance,0.56,6.7,4.7,4050,136,YES,LOW RISK,OK,FLAG,OK,OK,FLAG,,,,,,,,450,4050,High CLV
CUST1376,Female,37,Bangalore,20-07-2023,21-08-2024,2,Makeup,0.5,3.2,3,700,133,YES,LOW RISK,OK,OK,FLAG,OK,OK,,,,,,,,350,700,Low CLV
CUST1377,Male,28,Pune,04-02-2023,06-04-2024,3,Haircare,0.13,2.7,2.7,1050,270,YES,LOW RISK,OK,OK,FLAG,OK,OK,,,,,,,,350,1050,Low CLV
CUST1378,Female,27,Pune,04-08-2023,22-09-2024,5,Skincare,0.26,3.5,4.7,2250,101,YES,LOW RISK,OK,OK,OK,OK,OK,,,,,,,,450,2250,Medium CLV
CUST1379,Male,57,Delhi,06-03-2023,25-06-2024,9,Fragrance,0.07,6.5,3.4,3150,190,YES,LOW RISK,FLAG,FLAG,FLAG,OK,OK,,,,,,,,350,3150,Medium CLV
CUST1380,Female,55,Hyderabad,08-01-2023,26-01-2024,4,Makeup,0.44,6.9,3.9,1400,341,YES,LOW RISK,FLAG,FLAG,OK,OK,OK,,,,,,,,350,1400,Low CLV
CUST1381,Female,23,Bangalore,17-03-2023,29-09-2024,1,Makeup,0.08,6.3,3.4,350,94,YES,LOW RISK,OK,FLAG,FLAG,FLAG,OK,,,,,,,,350,350,Low CLV
CUST1382,Female,25,Bangalore,23-06-2023,23-10-2024,4,Haircare,0.69,2.6,2.8,1400,70,NO,LOW RISK,OK,OK,FLAG,OK,FLAG,,,,,,,,350,1400,Low CLV
CUST1383,Male,40,Chennai,16-02-2023,28-08-2024,6,Makeup,0.55,6.7,4,2100,126,YES,LOW RISK,OK,FLAG,OK,OK,FLAG,,,,,,,,350,2100,Medium CLV
CUST1384,Male,43,Chennai,15-01-2023,02-03-2024,5,Fragrance,0.27,4.1,3.8,1750,305,YES,LOW RISK,OK,OK,OK,OK,OK,,,,,,,,350,1750,Medium CLV
CUST1385,Female,29,Bangalore,27-05-2023,09-11-2024,1,Makeup,0.4,2,3,350,53,NO,LOW RISK,OK,OK,FLAG,FLAG,OK,,,,,,,,350,350,Low CLV
CUST1386,Male,43,Chennai,26-01-2023,09-08-2024,4,Makeup,0.64,4.2,3.6,1400,145,YES,LOW RISK,OK,OK,OK,OK,FLAG,,,,,,,,350,1400,Low CLV
CUST1387,Male,30,Hyderabad,03-04-2023,05-05-2024,6,Skincare,0.39,2.2,4.5,2700,241,YES,LOW RISK,OK,OK,OK,OK,OK,,,,,,,,450,2700,Medium CLV
CUST1388,Male,57,Mumbai,20-08-2023,07-01-2024,4,Skincare,0.12,4.7,4,1400,360,YES,LOW RISK,FLAG,OK,OK,OK,OK,,,,,,,,350,1400,Low CLV
CUST1389,Male,35,Hyderabad,21-01-2023,14-04-2024,9,Fragrance,0.27,3.7,2.7,3150,262,YES,LOW RISK,OK,OK,FLAG,OK,OK,,,,,,,,350,3150,Medium CLV
CUST1390,Male,42,Bangalore,07-02-2023,07-08-2024,5,Haircare,0.59,4.4,3.9,1750,147,YES,LOW RISK,OK,OK,OK,OK,FLAG,,,,,,,,350,1750,Medium CLV
CUST1391,Male,50,Bangalore,03-10-2023,14-02-2024,8,Skincare,0.45,5.1,4.3,3600,322,YES,LOW RISK,OK,FLAG,OK,OK,OK,,,,,,,,450,3600,High CLV
CUST1392,Female,57,Hyderabad,06-06-2023,23-08-2024,9,Haircare,0.46,6.3,4.5,4050,131,YES,LOW RISK,FLAG,FLAG,OK,OK,OK,,,,,,,,450,4050,High CLV
CUST1393,Female,29,Chennai,28-06-2023,11-07-2024,5,Fragrance,0.61,5.3,4.1,2250,174,YES,LOW RISK,OK,FLAG,OK,OK,FLAG,,,,,,,,450,2250,Medium CLV
CUST1394,Male,53,Chennai,12-05-2023,05-10-2024,6,Skincare,0.63,4.2,2.9,2100,88,NO,LOW RISK,FLAG,OK,FLAG,OK,FLAG,,,,,,,,350,2100,Medium CLV
CUST1395,Female,21,Pune,28-01-2023,04-06-2024,1,Haircare,0.64,6.1,4.3,450,211,YES,LOW RISK,OK,FLAG,OK,FLAG,FLAG,,,,,,,,450,450,Low CLV
CUST1396,Female,22,Bangalore,17-09-2023,09-11-2024,7,Skincare,0.07,6.5,4.2,3150,53,NO,LOW RISK,OK,FLAG,OK,OK,OK,,,,,,,,450,3150,Medium CLV
CUST1397,Female,54,Delhi,17-03-2023,11-08-2024,4,Fragrance,0.38,2.6,2.6,1400,143,YES,LOW RISK,FLAG,OK,FLAG,OK,OK,,,,,,,,350,1400,Low CLV
CUST1398,Female,25,Pune,08-03-2023,05-04-2024,2,Fragrance,0.52,4.7,3.5,700,271,YES,LOW RISK,OK,OK,OK,OK,FLAG,,,,,,,,350,700,Low CLV
CUST1399,Male,59,Chennai,13-07-2023,05-08-2024,5,Skincare,0.53,3.4,3.3,1750,149,YES,LOW RISK,FLAG,OK,FLAG,OK,FLAG,,,,,,,,350,1750,Medium CLV
CUST1400,Female,45,Hyderabad,11-06-2023,31-08-2024,3,Haircare,0.42,2.2,4.2,1350,123,YES,LOW RISK,OK,OK,OK,OK,OK,,,,,,,,450,1350,Low CLV
CUST1401,Female,48,Chennai,14-09-2023,15-11-2024,6,Makeup,0.12,5.3,3,2100,47,NO,HIGH RISK,OK,FLAG,FLAG,OK,OK,,,,,,,,350,2100,Medium CLV
CUST1402,Male,26,Hyderabad,13-03-2023,25-06-2024,8,Makeup,0.56,6.3,4,2800,190,YES,LOW RISK,OK,FLAG,OK,OK,FLAG,,,,,,,,350,2800,Medium CLV
CUST1403,Male,46,Pune,28-03-2023,23-05-2024,7,Skincare,0.5,2.8,4.8,3150,223,YES,LOW RISK,OK,OK,OK,OK,OK,,,,,,,,450,3150,Medium CLV
CUST1404,Female,31,Bangalore,19-09-2023,01-02-2024,3,Haircare,0.06,6.1,4.5,1350,335,YES,LOW RISK,OK,FLAG,OK,OK,OK,,,,,,,,450,1350,Low CLV
CUST1405,Female,57,Chennai,02-08-2023,02-10-2024,8,Makeup,0.32,6.3,4.8,3600,91,YES,LOW RISK,FLAG,FLAG,OK,OK,OK,,,,,,,,450,3600,High CLV
CUST1406,Female,58,Hyderabad,02-06-2023,05-11-2024,2,Fragrance,0.12,6.6,4.9,900,57,NO,LOW RISK,FLAG,FLAG,OK,OK,OK,,,,,,,,450,900,Low CLV
CUST1407,Female,39,Bangalore,29-07-2023,14-08-2024,9,Haircare,0.24,3.3,2.5,3150,140,YES,LOW RISK,OK,OK,FLAG,OK,OK,,,,,,,,350,3150,Medium CLV
CUST1408,Female,28,Delhi,02-03-2023,06-05-2024,4,Makeup,0.01,6.5,4.1,1800,240,YES,LOW RISK,OK,FLAG,OK,OK,OK,,,,,,,,450,1800,Medium CLV
CUST1409,Female,40,Hyderabad,25-09-2023,30-09-2024,1,Haircare,0.28,3.6,3.5,350,93,YES,LOW RISK,OK,OK,OK,FLAG,OK,,,,,,,,350,350,Low CLV
CUST1410,Male,18,Pune,19-09-2023,15-11-2024,8,Skincare,0.38,4.8,4.6,3600,47,NO,LOW RISK,OK,OK,OK,OK,OK,,,,,,,,450,3600,High CLV
CUST1411,Female,54,Delhi,06-08-2023,13-10-2024,7,Haircare,0.43,2.3,3.1,2450,80,NO,LOW RISK,FLAG,OK,FLAG,OK,OK,,,,,,,,350,2450,Medium CLV
CUST1412,Female,38,Delhi,10-10-2023,13-03-2024,5,Makeup,0.46,2.2,5,2250,294,YES,LOW RISK,OK,OK,OK,OK,OK,,,,,,,,450,2250,Medium CLV
CUST1413,Male,43,Mumbai,16-05-2023,16-07-2024,5,Skincare,0.59,5.6,4,1750,169,YES,LOW RISK,OK,FLAG,OK,OK,FLAG,,,,,,,,350,1750,Medium CLV
CUST1414,Male,53,Chennai,03-04-2023,18-09-2024,7,Haircare,0.15,4.2,4.5,3150,105,YES,LOW RISK,FLAG,OK,OK,OK,OK,,,,,,,,450,3150,Medium CLV
CUST1415,Male,40,Hyderabad,19-04-2023,01-11-2024,5,Fragrance,0.08,3.3,2.7,1750,61,NO,LOW RISK,OK,OK,FLAG,OK,OK,,,,,,,,350,1750,Medium CLV
CUST1416,Male,18,Delhi,29-08-2023,18-11-2024,8,Makeup,0.6,3,3,2800,44,NO,LOW RISK,OK,OK,FLAG,OK,FLAG,,,,,,,,350,2800,Medium CLV
CUST1417,Female,57,Mumbai,22-05-2023,06-11-2024,6,Skincare,0.11,5.3,4.4,2700,56,NO,LOW RISK,FLAG,FLAG,OK,OK,OK,,,,,,,,450,2700,Medium CLV
CUST1418,Female,32,Pune,18-10-2023,11-04-2024,5,Haircare,0.68,2,2.6,1750,265,YES,LOW RISK,OK,OK,FLAG,OK,FLAG,,,,,,,,350,1750,Medium CLV
CUST1419,Female,38,Bangalore,25-08-2023,17-02-2024,9,Fragrance,0.59,6,4.5,4050,319,YES,LOW RISK,OK,FLAG,OK,OK,FLAG,,,,,,,,450,4050,High CLV
CUST1420,Female,26,Hyderabad,26-06-2023,04-09-2024,2,Makeup,0.35,2.4,2.5,700,119,YES,LOW RISK,OK,OK,FLAG,OK,OK,,,,,,,,350,700,Low CLV
CUST1421,Female,26,Delhi,21-05-2023,28-09-2024,1,Fragrance,0.69,3,4.1,450,95,YES,LOW RISK,OK,OK,OK,FLAG,FLAG,,,,,,,,450,450,Low CLV
CUST1422,Female,27,Chennai,08-07-2023,17-07-2024,8,Haircare,0.07,3.9,3.4,2800,168,YES,LOW RISK,OK,OK,FLAG,OK,OK,,,,,,,,350,2800,Medium CLV
CUST1423,Male,43,Mumbai,18-02-2023,26-05-2024,3,Haircare,0.21,4.4,4,1050,220,YES,LOW RISK,OK,OK,OK,OK,OK,,,,,,,,350,1050,Low CLV
CUST1424,Female,58,Delhi,09-07-2023,05-10-2024,7,Skincare,0.45,3.8,4.2,3150,88,NO,LOW RISK,FLAG,OK,OK,OK,OK,,,,,,,,450,3150,Medium CLV
CUST1425,Male,52,Chennai,16-05-2023,19-06-2024,8,Fragrance,0.25,3.6,3.4,2800,196,YES,LOW RISK,FLAG,OK,FLAG,OK,OK,,,,,,,,350,2800,Medium CLV
CUST1426,Male,42,Delhi,12-02-2023,13-02-2024,6,Skincare,0.65,6.8,2.8,2100,323,YES,LOW RISK,OK,FLAG,FLAG,OK,FLAG,,,,,,,,350,2100,Medium CLV
CUST1427,Female,43,Hyderabad,31-03-2023,01-08-2024,9,Makeup,0.05,5.2,2.7,3150,153,YES,LOW RISK,OK,FLAG,FLAG,OK,OK,,,,,,,,350,3150,Medium CLV
CUST1428,Male,28,Hyderabad,22-10-2023,14-11-2024,7,Skincare,0.38,2.1,4,2450,48,NO,LOW RISK,OK,OK,OK,OK,OK,,,,,,,,350,2450,Medium CLV
CUST1429,Female,55,Hyderabad,02-09-2023,14-11-2024,5,Makeup,0.41,4.2,3.8,1750,48,NO,LOW RISK,FLAG,OK,OK,OK,OK,,,,,,,,350,1750,Medium CLV
CUST1430,Male,19,Pune,11-07-2023,23-12-2024,8,Haircare,0.46,6.4,4.4,3600,9,NO,LOW RISK,OK,FLAG,OK,OK,OK,,,,,,,,450,3600,High CLV
CUST1431,Female,24,Pune,16-04-2023,07-05-2024,2,Haircare,0.18,3.5,3.8,700,239,YES,LOW RISK,OK,OK,OK,OK,OK,,,,,,,,350,700,Low CLV
CUST1432,Male,35,Mumbai,21-08-2023,21-01-2024,7,Fragrance,0.26,2.5,3.6,2450,346,YES,LOW RISK,OK,OK,OK,OK,OK,,,,,,,,350,2450,Medium CLV
CUST1433,Female,44,Hyderabad,22-09-2023,10-03-2024,4,Makeup,0.59,5.8,3.5,1400,297,YES,LOW RISK,OK,FLAG,OK,OK,FLAG,,,,,,,,350,1400,Low CLV
CUST1434,Female,51,Chennai,06-02-2023,07-08-2024,9,Haircare,0.14,5,2.6,3150,147,YES,LOW RISK,FLAG,OK,FLAG,OK,OK,,,,,,,,350,3150,Medium CLV
CUST1435,Female,44,Delhi,10-02-2023,20-03-2024,1,Fragrance,0.58,4.9,3.3,350,287,YES,LOW RISK,OK,OK,FLAG,FLAG,FLAG,,,,,,,,350,350,Low CLV
CUST1436,Female,34,Bangalore,17-01-2023,22-06-2024,7,Fragrance,0.39,2.3,4.9,3150,193,YES,LOW RISK,OK,OK,OK,OK,OK,,,,,,,,450,3150,Medium CLV
CUST1437,Female,41,Chennai,04-10-2023,23-10-2024,6,Skincare,0.53,2.7,4.7,2700,70,NO,LOW RISK,OK,OK,OK,OK,FLAG,,,,,,,,450,2700,Medium CLV
CUST1438,Male,42,Pune,28-02-2023,09-04-2024,8,Fragrance,0.5,5.1,3.3,2800,267,YES,LOW RISK,OK,FLAG,FLAG,OK,OK,,,,,,,,350,2800,Medium CLV
CUST1439,Male,24,Pune,02-07-2023,30-12-2024,5,Haircare,0.15,3,4,1750,2,NO,LOW RISK,OK,OK,OK,OK,OK,,,,,,,,350,1750,Medium CLV
CUST1440,Male,23,Chennai,10-02-2023,07-07-2024,1,Skincare,0.4,4.5,4.6,450,178,YES,LOW RISK,OK,OK,OK,FLAG,OK,,,,,,,,450,450,Low CLV
CUST1441,Female,41,Pune,08-02-2023,26-05-2024,1,Makeup,0.61,4.7,3.6,350,220,YES,LOW RISK,OK,OK,OK,FLAG,FLAG,,,,,,,,350,350,Low CLV
CUST1442,Male,50,Hyderabad,11-07-2023,04-12-2024,9,Makeup,0.3,3.4,2.5,3150,28,NO,LOW RISK,OK,OK,FLAG,OK,OK,,,,,,,,350,3150,Medium CLV
CUST1443,Female,46,Mumbai,24-09-2023,16-12-2024,6,Haircare,0.68,6.7,2.7,2100,16,NO,HIGH RISK,OK,FLAG,FLAG,OK,FLAG,,,,,,,,350,2100,Medium CLV
CUST1444,Female,39,Delhi,27-05-2023,14-09-2024,5,Haircare,0.32,6.2,3.8,1750,109,YES,LOW RISK,OK,FLAG,OK,OK,OK,,,,,,,,350,1750,Medium CLV
CUST1445,Male,43,Mumbai,07-05-2023,11-07-2024,1,Skincare,0.1,5.6,4.9,450,174,YES,LOW RISK,OK,FLAG,OK,FLAG,OK,,,,,,,,450,450,Low CLV
CUST1446,Male,45,Delhi,15-02-2023,22-07-2024,6,Skincare,0.27,2.4,4.2,2700,163,YES,LOW RISK,OK,OK,OK,OK,OK,,,,,,,,450,2700,Medium CLV
CUST1447,Female,38,Delhi,14-02-2023,07-04-2024,6,Haircare,0.67,2.5,2.7,2100,269,YES,LOW RISK,OK,OK,FLAG,OK,FLAG,,,,,,,,350,2100,Medium CLV
CUST1448,Male,24,Mumbai,01-01-2023,03-02-2024,3,Haircare,0.22,4.5,3,1050,333,YES,LOW RISK,OK,OK,FLAG,OK,OK,,,,,,,,350,1050,Low CLV
CUST1449,Female,34,Chennai,17-06-2023,13-11-2024,8,Makeup,0.61,2.8,4.4,3600,49,NO,LOW RISK,OK,OK,OK,OK,FLAG,,,,,,,,450,3600,High CLV
CUST1450,Female,37,Delhi,18-04-2023,23-06-2024,1,Makeup,0.62,6.9,4.6,450,192,YES,LOW RISK,OK,FLAG,OK,FLAG,FLAG,,,,,,,,450,450,Low CLV
CUST1451,Female,58,Mumbai,19-01-2023,01-06-2024,1,Makeup,0.25,2.8,4,350,214,YES,LOW RISK,FLAG,OK,OK,FLAG,OK,,,,,,,,350,350,Low CLV
CUST1452,Female,37,Delhi,13-03-2023,08-04-2024,6,Haircare,0.06,4.4,4.1,2700,268,YES,LOW RISK,OK,OK,OK,OK,OK,,,,,,,,450,2700,Medium CLV
CUST1453,Female,39,Bangalore,19-04-2023,28-04-2024,1,Fragrance,0.51,3.8,2.6,350,248,YES,LOW RISK,OK,OK,FLAG,FLAG,FLAG,,,,,,,,350,350,Low CLV
CUST1454,Male,45,Chennai,25-09-2023,06-12-2024,6,Haircare,0.22,5.2,4.6,2700,26,NO,LOW RISK,OK,FLAG,OK,OK,OK,,,,,,,,450,2700,Medium CLV
CUST1455,Male,57,Hyderabad,28-08-2023,01-12-2024,1,Haircare,0.55,2.6,4.5,450,31,NO,LOW RISK,FLAG,OK,OK,FLAG,FLAG,,,,,,,,450,450,Low CLV
CUST1456,Female,24,Delhi,31-03-2023,17-05-2024,6,Makeup,0.31,4.2,3.1,2100,229,YES,LOW RISK,OK,OK,FLAG,OK,OK,,,,,,,,350,2100,Medium CLV
CUST1457,Female,18,Bangalore,13-04-2023,21-06-2024,3,Haircare,0.34,3.4,4.3,1350,194,YES,LOW RISK,OK,OK,OK,OK,OK,,,,,,,,450,1350,Low CLV
CUST1458,Male,49,Hyderabad,07-09-2023,11-03-2024,8,Skincare,0.54,6.4,3,2800,296,YES,LOW RISK,OK,FLAG,FLAG,OK,FLAG,,,,,,,,350,2800,Medium CLV
CUST1459,Male,30,Hyderabad,08-01-2023,17-04-2024,6,Haircare,0.27,2.2,2.6,2100,259,YES,LOW RISK,OK,OK,FLAG,OK,OK,,,,,,,,350,2100,Medium CLV
CUST1460,Female,47,Delhi,02-06-2023,30-07-2024,1,Haircare,0.31,6.6,3,350,155,YES,LOW RISK,OK,FLAG,FLAG,FLAG,OK,,,,,,,,350,350,Low CLV
CUST1461,Male,40,Mumbai,23-06-2023,24-06-2024,5,Haircare,0.26,6.2,2.9,1750,191,YES,LOW RISK,OK,FLAG,FLAG,OK,OK,,,,,,,,350,1750,Medium CLV
CUST1462,Female,36,Delhi,07-06-2023,10-11-2024,8,Haircare,0.26,3.5,3.3,2800,52,NO,LOW RISK,OK,OK,FLAG,OK,OK,,,,,,,,350,2800,Medium CLV
CUST1463,Male,49,Bangalore,03-08-2023,14-02-2024,3,Fragrance,0.37,5.9,3.5,1050,322,YES,LOW RISK,OK,FLAG,OK,OK,OK,,,,,,,,350,1050,Low CLV
CUST1464,Female,47,Hyderabad,26-06-2023,29-08-2024,6,Haircare,0.57,2.2,3.8,2100,125,YES,LOW RISK,OK,OK,OK,OK,FLAG,,,,,,,,350,2100,Medium CLV
CUST1465,Male,46,Delhi,24-06-2023,14-09-2024,5,Skincare,0.25,6.8,3.7,1750,109,YES,LOW RISK,OK,FLAG,OK,OK,OK,,,,,,,,350,1750,Medium CLV
CUST1466,Female,46,Mumbai,26-05-2023,26-10-2024,6,Skincare,0.37,4.6,3.2,2100,67,NO,LOW RISK,OK,OK,FLAG,OK,OK,,,,,,,,350,2100,Medium CLV
CUST1467,Male,47,Delhi,10-06-2023,19-06-2024,1,Haircare,0.47,3.5,2.6,350,196,YES,LOW RISK,OK,OK,FLAG,FLAG,OK,,,,,,,,350,350,Low CLV
CUST1468,Male,33,Chennai,07-05-2023,28-06-2024,7,Makeup,0.19,3.8,4,2450,187,YES,LOW RISK,OK,OK,OK,OK,OK,,,,,,,,350,2450,Medium CLV
CUST1469,Female,57,Mumbai,23-03-2023,09-06-2024,9,Fragrance,0.19,2.3,3.5,3150,206,YES,LOW RISK,FLAG,OK,OK,OK,OK,,,,,,,,350,3150,Medium CLV
CUST1470,Male,36,Bangalore,27-05-2023,24-07-2024,2,Haircare,0.65,6.9,3.2,700,161,YES,LOW RISK,OK,FLAG,FLAG,OK,FLAG,,,,,,,,350,700,Low CLV
CUST1471,Female,35,Hyderabad,27-08-2023,23-01-2024,5,Haircare,0.51,2.2,4.7,2250,344,YES,LOW RISK,OK,OK,OK,OK,FLAG,,,,,,,,450,2250,Medium CLV
CUST1472,Male,18,Delhi,25-03-2023,19-09-2024,4,Haircare,0.4,5.3,4.4,1800,104,YES,LOW RISK,OK,FLAG,OK,OK,OK,,,,,,,,450,1800,Medium CLV
CUST1473,Female,31,Mumbai,23-04-2023,09-06-2024,6,Makeup,0.45,4.2,4.6,2700,206,YES,LOW RISK,OK,OK,OK,OK,OK,,,,,,,,450,2700,Medium CLV
CUST1474,Male,19,Chennai,13-08-2023,08-01-2024,6,Makeup,0.02,6.7,3.7,2100,359,YES,LOW RISK,OK,FLAG,OK,OK,OK,,,,,,,,350,2100,Medium CLV
CUST1475,Female,45,Mumbai,31-08-2023,31-12-2024,2,Makeup,0.43,3.2,2.8,700,1,NO,LOW RISK,OK,OK,FLAG,OK,OK,,,,,,,,350,700,Low CLV
CUST1476,Male,47,Pune,23-05-2023,13-06-2024,2,Fragrance,0.36,4.7,4.2,900,202,YES,LOW RISK,OK,OK,OK,OK,OK,,,,,,,,450,900,Low CLV
CUST1477,Female,55,Chennai,10-02-2023,20-05-2024,4,Skincare,0.38,4.4,3,1400,226,YES,LOW RISK,FLAG,OK,FLAG,OK,OK,,,,,,,,350,1400,Low CLV
CUST1478,Male,21,Bangalore,15-09-2023,21-12-2024,1,Fragrance,0.25,5.5,3.6,350,11,NO,LOW RISK,OK,FLAG,OK,FLAG,OK,,,,,,,,350,350,Low CLV
CUST1479,Female,18,Hyderabad,12-10-2023,17-03-2024,9,Makeup,0.06,2.3,2.7,3150,290,YES,LOW RISK,OK,OK,FLAG,OK,OK,,,,,,,,350,3150,Medium CLV
CUST1480,Female,25,Bangalore,15-04-2023,09-05-2024,7,Skincare,0.14,3,4.6,3150,237,YES,LOW RISK,OK,OK,OK,OK,OK,,,,,,,,450,3150,Medium CLV
CUST1481,Female,46,Delhi,21-07-2023,17-08-2024,7,Skincare,0.67,3.1,2.8,2450,137,YES,LOW RISK,OK,OK,FLAG,OK,FLAG,,,,,,,,350,2450,Medium CLV
CUST1482,Male,56,Mumbai,23-09-2023,02-04-2024,3,Makeup,0.29,5.7,4.8,1350,274,YES,LOW RISK,FLAG,FLAG,OK,OK,OK,,,,,,,,450,1350,Low CLV
CUST1483,Female,20,Pune,29-07-2023,18-11-2024,3,Makeup,0.33,2.9,4.7,1350,44,NO,LOW RISK,OK,OK,OK,OK,OK,,,,,,,,450,1350,Low CLV
CUST1484,Male,49,Chennai,20-02-2023,05-04-2024,1,Fragrance,0.04,4.9,3.7,350,271,YES,LOW RISK,OK,OK,OK,FLAG,OK,,,,,,,,350,350,Low CLV
CUST1485,Female,27,Chennai,28-04-2023,04-07-2024,3,Makeup,0.03,3.1,4.4,1350,181,YES,LOW RISK,OK,OK,OK,OK,OK,,,,,,,,450,1350,Low CLV
CUST1486,Male,27,Mumbai,20-07-2023,26-07-2024,3,Skincare,0.5,6.3,4,1050,159,YES,LOW RISK,OK,FLAG,OK,OK,OK,,,,,,,,350,1050,Low CLV
CUST1487,Female,36,Pune,08-02-2023,28-03-2024,4,Haircare,0.38,6.7,4.5,1800,279,YES,LOW RISK,OK,FLAG,OK,OK,OK,,,,,,,,450,1800,Medium CLV
CUST1488,Male,51,Mumbai,28-01-2023,13-06-2024,4,Makeup,0.36,4.6,3.6,1400,202,YES,LOW RISK,FLAG,OK,OK,OK,OK,,,,,,,,350,1400,Low CLV
CUST1489,Male,50,Delhi,16-09-2023,26-02-2024,3,Makeup,0.17,3.8,4.5,1350,310,YES,LOW RISK,OK,OK,OK,OK,OK,,,,,,,,450,1350,Low CLV
CUST1490,Female,40,Bangalore,25-03-2023,15-06-2024,8,Fragrance,0.52,3.2,3.7,2800,200,YES,LOW RISK,OK,OK,OK,OK,FLAG,,,,,,,,350,2800,Medium CLV
CUST1491,Male,45,Chennai,04-06-2023,10-10-2024,8,Fragrance,0.12,2.2,4.9,3600,83,NO,LOW RISK,OK,OK,OK,OK,OK,,,,,,,,450,3600,High CLV
CUST1492,Male,49,Delhi,27-04-2023,11-09-2024,1,Makeup,0.13,3.3,3.7,350,112,YES,LOW RISK,OK,OK,OK,FLAG,OK,,,,,,,,350,350,Low CLV
CUST1493,Female,24,Bangalore,02-01-2023,14-06-2024,7,Skincare,0.32,5.3,3.7,2450,201,YES,LOW RISK,OK,FLAG,OK,OK,OK,,,,,,,,350,2450,Medium CLV
CUST1494,Male,46,Delhi,03-04-2023,14-06-2024,2,Skincare,0.2,4.7,4.5,900,201,YES,LOW RISK,OK,OK,OK,OK,OK,,,,,,,,450,900,Low CLV
CUST1495,Male,25,Pune,15-06-2023,30-07-2024,1,Haircare,0.17,6.7,4.6,450,155,YES,LOW RISK,OK,FLAG,OK,FLAG,OK,,,,,,,,450,450,Low CLV
CUST1496,Male,18,Chennai,23-10-2023,05-02-2024,3,Makeup,0.45,4,3.9,1050,331,YES,LOW RISK,OK,OK,OK,OK,OK,,,,,,,,350,1050,Low CLV
CUST1497,Female,20,Mumbai,15-09-2023,21-02-2024,4,Fragrance,0.46,5.5,2.9,1400,315,YES,LOW RISK,OK,FLAG,FLAG,OK,OK,,,,,,,,350,1400,Low CLV
CUST1498,Male,41,Mumbai,22-03-2023,22-04-2024,6,Skincare,0.58,4.4,3.7,2100,254,YES,LOW RISK,OK,OK,OK,OK,FLAG,,,,,,,,350,2100,Medium CLV
CUST1499,Female,40,Bangalore,25-09-2023,30-09-2024,5,Haircare,0.29,4.6,4.9,2250,93,YES,LOW RISK,OK,OK,OK,OK,OK,,,,,,,,450,2250,Medium CLV
CUST1500,Male,25,Hyderabad,23-08-2023,14-02-2024,4,Makeup,0.05,3.3,4.4,1800,322,YES,LOW RISK,OK,OK,OK,OK,OK,,,,,,,,450,1800,Medium CLV
CUST1501,Male,54,Pune,01-08-2023,13-01-2024,8,Skincare,0.19,4.3,4.5,3600,354,YES,LOW RISK,FLAG,OK,OK,OK,OK,,,,,,,,450,3600,High CLV
CUST1502,Male,20,Bangalore,03-03-2023,25-07-2024,4,Makeup,0.69,4.4,2.6,1400,160,YES,LOW RISK,OK,OK,FLAG,OK,FLAG,,,,,,,,350,1400,Low CLV
CUST1503,Female,50,Hyderabad,18-02-2023,02-05-2024,2,Makeup,0.42,5.5,3.7,700,244,YES,LOW RISK,OK,FLAG,OK,OK,OK,,,,,,,,350,700,Low CLV
CUST1504,Male,45,Delhi,07-05-2023,28-08-2024,3,Skincare,0.5,6.7,4.1,1350,126,YES,LOW RISK,OK,FLAG,OK,OK,OK,,,,,,,,450,1350,Low CLV
CUST1505,Male,25,Pune,11-08-2023,06-09-2024,6,Skincare,0.01,3.6,4.6,2700,117,YES,LOW RISK,OK,OK,OK,OK,OK,,,,,,,,450,2700,Medium CLV
CUST1506,Female,51,Delhi,06-10-2023,28-11-2024,8,Skincare,0.36,2.2,2.6,2800,34,NO,LOW RISK,FLAG,OK,FLAG,OK,OK,,,,,,,,350,2800,Medium CLV
CUST1507,Male,52,Chennai,21-10-2023,15-04-2024,8,Makeup,0.03,4.5,4.6,3600,261,YES,LOW RISK,FLAG,OK,OK,OK,OK,,,,,,,,450,3600,High CLV
CUST1508,Female,49,Pune,11-10-2023,21-03-2024,9,Makeup,0.4,4.7,3.9,3150,286,YES,LOW RISK,OK,OK,OK,OK,OK,,,,,,,,350,3150,Medium CLV
CUST1509,Female,41,Hyderabad,04-10-2023,27-12-2024,7,Haircare,0.64,2.8,3,2450,5,NO,LOW RISK,OK,OK,FLAG,OK,FLAG,,,,,,,,350,2450,Medium CLV
CUST1510,Male,31,Chennai,17-04-2023,21-08-2024,2,Fragrance,0.68,5.8,3.3,700,133,YES,LOW RISK,OK,FLAG,FLAG,OK,FLAG,,,,,,,,350,700,Low CLV
CUST1511,Female,49,Mumbai,26-05-2023,25-10-2024,8,Makeup,0.38,6.9,3.2,2800,68,NO,HIGH RISK,OK,FLAG,FLAG,OK,OK,,,,,,,,350,2800,Medium CLV
CUST1512,Male,33,Hyderabad,09-04-2023,11-09-2024,7,Fragrance,0.32,6.7,3.8,2450,112,YES,LOW RISK,OK,FLAG,OK,OK,OK,,,,,,,,350,2450,Medium CLV
CUST1513,Female,21,Bangalore,14-03-2023,02-07-2024,8,Skincare,0.66,3,2.6,2800,183,YES,LOW RISK,OK,OK,FLAG,OK,FLAG,,,,,,,,350,2800,Medium CLV
CUST1514,Female,54,Mumbai,02-05-2023,16-05-2024,3,Makeup,0.47,6.4,2.9,1050,230,YES,LOW RISK,FLAG,FLAG,FLAG,OK,OK,,,,,,,,350,1050,Low CLV
CUST1515,Male,38,Mumbai,30-01-2023,10-06-2024,7,Haircare,0.05,5.5,4.5,3150,205,YES,LOW RISK,OK,FLAG,OK,OK,OK,,,,,,,,450,3150,Medium CLV
CUST1516,Female,31,Bangalore,07-07-2023,07-10-2024,9,Haircare,0.33,4.3,2.8,3150,86,NO,LOW RISK,OK,OK,FLAG,OK,OK,,,,,,,,350,3150,Medium CLV
CUST1517,Female,48,Pune,15-10-2023,14-02-2024,3,Fragrance,0.17,4.7,3.1,1050,322,YES,LOW RISK,OK,OK,FLAG,OK,OK,,,,,,,,350,1050,Low CLV
CUST1518,Female,35,Mumbai,14-07-2023,24-09-2024,6,Skincare,0.33,6.2,3.6,2100,99,YES,LOW RISK,OK,FLAG,OK,OK,OK,,,,,,,,350,2100,Medium CLV
CUST1519,Female,24,Hyderabad,05-06-2023,06-11-2024,2,Fragrance,0.32,4.4,3.8,700,56,NO,LOW RISK,OK,OK,OK,OK,OK,,,,,,,,350,700,Low CLV
CUST1520,Female,27,Chennai,21-06-2023,21-11-2024,2,Skincare,0.41,3.9,4.4,900,41,NO,LOW RISK,OK,OK,OK,OK,OK,,,,,,,,450,900,Low CLV
CUST1521,Male,24,Mumbai,10-02-2023,06-07-2024,5,Haircare,0.25,4.5,3.6,1750,179,YES,LOW RISK,OK,OK,OK,OK,OK,,,,,,,,350,1750,Medium CLV
CUST1522,Female,50,Hyderabad,04-03-2023,03-06-2024,5,Fragrance,0.11,4.9,4.5,2250,212,YES,LOW RISK,OK,OK,OK,OK,OK,,,,,,,,450,2250,Medium CLV
CUST1523,Male,40,Delhi,23-01-2023,08-02-2024,7,Haircare,0.35,2.9,4,2450,328,YES,LOW RISK,OK,OK,OK,OK,OK,,,,,,,,350,2450,Medium CLV
CUST1524,Female,38,Hyderabad,16-03-2023,27-04-2024,2,Haircare,0.58,6.5,2.8,700,249,YES,LOW RISK,OK,FLAG,FLAG,OK,FLAG,,,,,,,,350,700,Low CLV
CUST1525,Male,36,Chennai,17-02-2023,17-06-2024,7,Skincare,0.46,5.4,2.9,2450,198,YES,LOW RISK,OK,FLAG,FLAG,OK,OK,,,,,,,,350,2450,Medium CLV
CUST1526,Male,36,Hyderabad,09-06-2023,19-07-2024,5,Fragrance,0.24,5.2,3.6,1750,166,YES,LOW RISK,OK,FLAG,OK,OK,OK,,,,,,,,350,1750,Medium CLV
CUST1527,Female,53,Bangalore,28-04-2023,14-10-2024,6,Fragrance,0.65,2.5,3.5,2100,79,NO,LOW RISK,FLAG,OK,OK,OK,FLAG,,,,,,,,350,2100,Medium CLV
CUST1528,Female,46,Chennai,10-04-2023,04-10-2024,8,Haircare,0.64,5,4.4,3600,89,NO,LOW RISK,OK,OK,OK,OK,FLAG,,,,,,,,450,3600,High CLV
CUST1529,Female,35,Pune,16-06-2023,30-11-2024,4,Haircare,0.15,2.6,4,1400,32,NO,LOW RISK,OK,OK,OK,OK,OK,,,,,,,,350,1400,Low CLV
CUST1530,Male,19,Delhi,17-10-2023,24-11-2024,7,Skincare,0.03,2.4,3.5,2450,38,NO,LOW RISK,OK,OK,OK,OK,OK,,,,,,,,350,2450,Medium CLV
CUST1531,Female,18,Bangalore,05-06-2023,25-09-2024,6,Makeup,0.52,4.6,2.9,2100,98,YES,LOW RISK,OK,OK,FLAG,OK,FLAG,,,,,,,,350,2100,Medium CLV
CUST1532,Male,22,Pune,07-01-2023,06-06-2024,2,Makeup,0.58,4,3.1,700,209,YES,LOW RISK,OK,OK,FLAG,OK,FLAG,,,,,,,,350,700,Low CLV
CUST1533,Male,37,Hyderabad,15-07-2023,02-11-2024,8,Haircare,0.68,4.9,3.9,2800,60,NO,LOW RISK,OK,OK,OK,OK,FLAG,,,,,,,,350,2800,Medium CLV
CUST1534,Male,28,Chennai,25-02-2023,23-08-2024,9,Makeup,0.62,2.4,3.6,3150,131,YES,LOW RISK,OK,OK,OK,OK,FLAG,,,,,,,,350,3150,Medium CLV
CUST1535,Female,59,Delhi,12-07-2023,27-08-2024,5,Makeup,0.42,4.2,3.8,1750,127,YES,LOW RISK,FLAG,OK,OK,OK,OK,,,,,,,,350,1750,Medium CLV
CUST1536,Female,19,Bangalore,16-02-2023,19-04-2024,4,Makeup,0.37,2.9,2.9,1400,257,YES,LOW RISK,OK,OK,FLAG,OK,OK,,,,,,,,350,1400,Low CLV
CUST1537,Male,20,Pune,28-05-2023,14-09-2024,6,Makeup,0.02,6.9,4.2,2700,109,YES,LOW RISK,OK,FLAG,OK,OK,OK,,,,,,,,450,2700,Medium CLV
CUST1538,Male,40,Pune,02-10-2023,09-12-2024,8,Haircare,0.17,4.8,4.6,3600,23,NO,LOW RISK,OK,OK,OK,OK,OK,,,,,,,,450,3600,High CLV
CUST1539,Female,29,Delhi,06-06-2023,18-07-2024,3,Makeup,0.32,5.4,3.1,1050,167,YES,LOW RISK,OK,FLAG,FLAG,OK,OK,,,,,,,,350,1050,Low CLV
CUST1540,Male,37,Hyderabad,21-07-2023,12-01-2024,1,Makeup,0.44,3.6,3.7,350,355,YES,LOW RISK,OK,OK,OK,FLAG,OK,,,,,,,,350,350,Low CLV
CUST1541,Female,22,Delhi,06-05-2023,08-06-2024,4,Skincare,0.39,2.5,4.9,1800,207,YES,LOW RISK,OK,OK,OK,OK,OK,,,,,,,,450,1800,Medium CLV
CUST1542,Male,54,Pune,21-10-2023,29-11-2024,4,Haircare,0.52,6.9,3.3,1400,33,NO,HIGH RISK,FLAG,FLAG,FLAG,OK,FLAG,,,,,,,,350,1400,Low CLV
CUST1543,Female,55,Mumbai,05-03-2023,04-05-2024,1,Fragrance,0.2,3.4,4,350,242,YES,LOW RISK,FLAG,OK,OK,FLAG,OK,,,,,,,,350,350,Low CLV
CUST1544,Male,47,Bangalore,25-06-2023,19-12-2024,9,Fragrance,0.4,4.1,2.7,3150,13,NO,LOW RISK,OK,OK,FLAG,OK,OK,,,,,,,,350,3150,Medium CLV
CUST1545,Female,26,Delhi,26-04-2023,06-11-2024,3,Skincare,0.06,5.2,4,1050,56,NO,LOW RISK,OK,FLAG,OK,OK,OK,,,,,,,,350,1050,Low CLV
CUST1546,Male,51,Pune,23-07-2023,22-09-2024,5,Skincare,0.29,2.1,2.7,1750,101,YES,LOW RISK,FLAG,OK,FLAG,OK,OK,,,,,,,,350,1750,Medium CLV
CUST1547,Female,52,Hyderabad,31-01-2023,29-03-2024,6,Haircare,0.53,6.1,4.9,2700,278,YES,LOW RISK,FLAG,FLAG,OK,OK,FLAG,,,,,,,,450,2700,Medium CLV
CUST1548,Female,39,Pune,23-04-2023,30-09-2024,8,Fragrance,0.49,4.7,4.3,3600,93,YES,LOW RISK,OK,OK,OK,OK,OK,,,,,,,,450,3600,High CLV
CUST1549,Male,41,Hyderabad,08-03-2023,21-05-2024,6,Makeup,0.69,3.4,4.5,2700,225,YES,LOW RISK,OK,OK,OK,OK,FLAG,,,,,,,,450,2700,Medium CLV
CUST1550,Male,34,Delhi,16-03-2023,31-03-2024,3,Skincare,0.19,2.3,4.3,1350,276,YES,LOW RISK,OK,OK,OK,OK,OK,,,,,,,,450,1350,Low CLV
CUST1551,Female,27,Hyderabad,14-02-2023,06-05-2024,6,Fragrance,0.35,2.8,4,2100,240,YES,LOW RISK,OK,OK,OK,OK,OK,,,,,,,,350,2100,Medium CLV
CUST1552,Male,47,Chennai,17-09-2023,19-12-2024,1,Haircare,0.23,6.5,3.6,350,13,NO,LOW RISK,OK,FLAG,OK,FLAG,OK,,,,,,,,350,350,Low CLV
CUST1553,Female,40,Chennai,03-06-2023,20-07-2024,4,Makeup,0.31,5.4,4.6,1800,165,YES,LOW RISK,OK,FLAG,OK,OK,OK,,,,,,,,450,1800,Medium CLV
CUST1554,Male,49,Chennai,04-06-2023,19-10-2024,6,Haircare,0.6,3.2,4.9,2700,74,NO,LOW RISK,OK,OK,OK,OK,FLAG,,,,,,,,450,2700,Medium CLV
CUST1555,Female,34,Mumbai,22-08-2023,11-11-2024,7,Skincare,0.48,2.3,3.7,2450,51,NO,LOW RISK,OK,OK,OK,OK,OK,,,,,,,,350,2450,Medium CLV
CUST1556,Female,34,Delhi,20-02-2023,29-03-2024,3,Fragrance,0.62,5.5,4.8,1350,278,YES,LOW RISK,OK,FLAG,OK,OK,FLAG,,,,,,,,450,1350,Low CLV
CUST1557,Female,31,Pune,19-09-2023,23-01-2024,9,Fragrance,0.14,4.9,4,3150,344,YES,LOW RISK,OK,OK,OK,OK,OK,,,,,,,,350,3150,Medium CLV
CUST1558,Female,26,Pune,05-05-2023,23-05-2024,7,Fragrance,0.61,4,3.8,2450,223,YES,LOW RISK,OK,OK,OK,OK,FLAG,,,,,,,,350,2450,Medium CLV
CUST1559,Female,57,Mumbai,02-09-2023,12-02-2024,1,Fragrance,0.04,3.8,3.6,350,324,YES,LOW RISK,FLAG,OK,OK,FLAG,OK,,,,,,,,350,350,Low CLV
CUST1560,Female,19,Hyderabad,30-01-2023,04-08-2024,2,Makeup,0.62,3.1,3,700,150,YES,LOW RISK,OK,OK,FLAG,OK,FLAG,,,,,,,,350,700,Low CLV
CUST1561,Male,42,Mumbai,02-05-2023,03-07-2024,1,Makeup,0.23,5.3,2.5,350,182,YES,LOW RISK,OK,FLAG,FLAG,FLAG,OK,,,,,,,,350,350,Low CLV
CUST1562,Male,56,Hyderabad,05-05-2023,20-07-2024,9,Haircare,0.22,6.9,3.1,3150,165,YES,LOW RISK,FLAG,FLAG,FLAG,OK,OK,,,,,,,,350,3150,Medium CLV
CUST1563,Male,26,Hyderabad,06-02-2023,29-07-2024,9,Makeup,0.36,2.9,3.8,3150,156,YES,LOW RISK,OK,OK,OK,OK,OK,,,,,,,,350,3150,Medium CLV
CUST1564,Female,39,Bangalore,19-06-2023,27-10-2024,7,Skincare,0.66,5,3.4,2450,66,NO,LOW RISK,OK,OK,FLAG,OK,FLAG,,,,,,,,350,2450,Medium CLV
CUST1565,Female,21,Pune,04-05-2023,13-08-2024,3,Skincare,0.03,4.1,3.6,1050,141,YES,LOW RISK,OK,OK,OK,OK,OK,,,,,,,,350,1050,Low CLV
CUST1566,Female,43,Chennai,04-02-2023,09-04-2024,5,Fragrance,0.25,4.2,5,2250,267,YES,LOW RISK,OK,OK,OK,OK,OK,,,,,,,,450,2250,Medium CLV
CUST1567,Female,46,Hyderabad,28-03-2023,25-07-2024,4,Skincare,0.6,3.3,3.4,1400,160,YES,LOW RISK,OK,OK,FLAG,OK,FLAG,,,,,,,,350,1400,Low CLV
CUST1568,Male,51,Bangalore,14-05-2023,12-08-2024,7,Haircare,0.28,6.1,3.6,2450,142,YES,LOW RISK,FLAG,FLAG,OK,OK,OK,,,,,,,,350,2450,Medium CLV
CUST1569,Male,40,Pune,15-07-2023,22-07-2024,9,Makeup,0.14,4.4,2.8,3150,163,YES,LOW RISK,OK,OK,FLAG,OK,OK,,,,,,,,350,3150,Medium CLV
CUST1570,Female,54,Chennai,01-10-2023,27-03-2024,2,Makeup,0.3,4.7,2.6,700,280,YES,LOW RISK,FLAG,OK,FLAG,OK,OK,,,,,,,,350,700,Low CLV
CUST1571,Male,28,Hyderabad,20-07-2023,30-09-2024,8,Makeup,0.27,3.5,4.4,3600,93,YES,LOW RISK,OK,OK,OK,OK,OK,,,,,,,,450,3600,High CLV
CUST1572,Male,23,Hyderabad,12-10-2023,22-02-2024,9,Skincare,0.64,2.9,3.9,3150,314,YES,LOW RISK,OK,OK,OK,OK,FLAG,,,,,,,,350,3150,Medium CLV
CUST1573,Female,35,Mumbai,18-03-2023,02-07-2024,9,Makeup,0.53,2.4,4.4,4050,183,YES,LOW RISK,OK,OK,OK,OK,FLAG,,,,,,,,450,4050,High CLV
CUST1574,Male,38,Mumbai,28-02-2023,27-05-2024,7,Fragrance,0.35,5.6,2.9,2450,219,YES,LOW RISK,OK,FLAG,FLAG,OK,OK,,,,,,,,350,2450,Medium CLV
CUST1575,Female,59,Pune,06-05-2023,13-06-2024,9,Fragrance,0.69,3,3.9,3150,202,YES,LOW RISK,FLAG,OK,OK,OK,FLAG,,,,,,,,350,3150,Medium CLV
CUST1576,Male,53,Chennai,19-04-2023,09-08-2024,9,Fragrance,0.33,5.5,3.1,3150,145,YES,LOW RISK,FLAG,FLAG,FLAG,OK,OK,,,,,,,,350,3150,Medium CLV
CUST1577,Female,58,Hyderabad,12-08-2023,15-02-2024,3,Skincare,0.04,4,3.1,1050,321,YES,LOW RISK,FLAG,OK,FLAG,OK,OK,,,,,,,,350,1050,Low CLV
CUST1578,Female,55,Pune,05-10-2023,01-11-2024,4,Makeup,0.18,4.1,2.5,1400,61,NO,LOW RISK,FLAG,OK,FLAG,OK,OK,,,,,,,,350,1400,Low CLV
CUST1579,Female,51,Pune,09-03-2023,13-06-2024,2,Skincare,0.31,4.3,2.8,700,202,YES,LOW RISK,FLAG,OK,FLAG,OK,OK,,,,,,,,350,700,Low CLV
CUST1580,Female,34,Delhi,10-03-2023,07-09-2024,3,Makeup,0.11,3.8,3.3,1050,116,YES,LOW RISK,OK,OK,FLAG,OK,OK,,,,,,,,350,1050,Low CLV
CUST1581,Male,54,Mumbai,14-06-2023,20-07-2024,5,Haircare,0.66,2.5,2.8,1750,165,YES,LOW RISK,FLAG,OK,FLAG,OK,FLAG,,,,,,,,350,1750,Medium CLV
CUST1582,Female,42,Chennai,11-06-2023,25-10-2024,5,Haircare,0.54,3.5,5,2250,68,NO,LOW RISK,OK,OK,OK,OK,FLAG,,,,,,,,450,2250,Medium CLV
CUST1583,Female,55,Hyderabad,11-02-2023,03-05-2024,6,Skincare,0.19,5.3,3.3,2100,243,YES,LOW RISK,FLAG,FLAG,FLAG,OK,OK,,,,,,,,350,2100,Medium CLV
CUST1584,Female,29,Pune,19-04-2023,13-06-2024,7,Fragrance,0.41,5.3,2.8,2450,202,YES,LOW RISK,OK,FLAG,FLAG,OK,OK,,,,,,,,350,2450,Medium CLV
CUST1585,Male,40,Hyderabad,20-02-2023,25-08-2024,7,Skincare,0.51,3.4,3,2450,129,YES,LOW RISK,OK,OK,FLAG,OK,FLAG,,,,,,,,350,2450,Medium CLV
CUST1586,Female,59,Delhi,07-09-2023,30-11-2024,1,Fragrance,0.66,4.3,4,350,32,NO,LOW RISK,FLAG,OK,OK,FLAG,FLAG,,,,,,,,350,350,Low CLV
CUST1587,Male,39,Chennai,21-01-2023,22-01-2024,2,Makeup,0.62,3,2.7,700,345,YES,LOW RISK,OK,OK,FLAG,OK,FLAG,,,,,,,,350,700,Low CLV
CUST1588,Female,38,Pune,27-10-2023,02-05-2024,9,Fragrance,0.36,3.1,4.7,4050,244,YES,LOW RISK,OK,OK,OK,OK,OK,,,,,,,,450,4050,High CLV
CUST1589,Male,44,Hyderabad,19-05-2023,15-07-2024,2,Fragrance,0.54,2.1,4.9,900,170,YES,LOW RISK,OK,OK,OK,OK,FLAG,,,,,,,,450,900,Low CLV
CUST1590,Male,48,Mumbai,02-04-2023,17-07-2024,6,Makeup,0.39,6.5,3.1,2100,168,YES,LOW RISK,OK,FLAG,FLAG,OK,OK,,,,,,,,350,2100,Medium CLV
CUST1591,Female,23,Delhi,07-10-2023,06-02-2024,1,Haircare,0.39,3.1,3.6,350,330,YES,LOW RISK,OK,OK,OK,FLAG,OK,,,,,,,,350,350,Low CLV
CUST1592,Male,44,Chennai,05-05-2023,08-11-2024,3,Makeup,0.08,3.1,2.6,1050,54,NO,LOW RISK,OK,OK,FLAG,OK,OK,,,,,,,,350,1050,Low CLV
CUST1593,Female,57,Delhi,21-04-2023,05-10-2024,2,Skincare,0.09,3.4,4.1,900,88,NO,LOW RISK,FLAG,OK,OK,OK,OK,,,,,,,,450,900,Low CLV
CUST1594,Female,51,Mumbai,19-05-2023,29-10-2024,3,Skincare,0.37,2.6,3.5,1050,64,NO,LOW RISK,FLAG,OK,OK,OK,OK,,,,,,,,350,1050,Low CLV
CUST1595,Female,29,Chennai,30-09-2023,21-01-2024,5,Skincare,0.19,5.2,3.2,1750,346,YES,LOW RISK,OK,FLAG,FLAG,OK,OK,,,,,,,,350,1750,Medium CLV
CUST1596,Male,24,Delhi,09-04-2023,24-07-2024,6,Skincare,0.01,2.4,3,2100,161,YES,LOW RISK,OK,OK,FLAG,OK,OK,,,,,,,,350,2100,Medium CLV
CUST1597,Male,27,Bangalore,09-09-2023,15-10-2024,9,Skincare,0.51,2.7,4.1,4050,78,NO,LOW RISK,OK,OK,OK,OK,FLAG,,,,,,,,450,4050,High CLV
CUST1598,Female,34,Mumbai,14-04-2023,01-07-2024,4,Haircare,0.02,5.2,3.5,1400,184,YES,LOW RISK,OK,FLAG,OK,OK,OK,,,,,,,,350,1400,Low CLV
CUST1599,Female,43,Mumbai,02-08-2023,01-11-2024,7,Haircare,0.42,3.7,2.9,2450,61,NO,LOW RISK,OK,OK,FLAG,OK,OK,,,,,,,,350,2450,Medium CLV
CUST1600,Male,38,Mumbai,06-09-2023,23-09-2024,6,Fragrance,0.38,5.5,4.2,2700,100,YES,LOW RISK,OK,FLAG,OK,OK,OK,,,,,,,,450,2700,Medium CLV
CUST1601,Female,45,Bangalore,01-06-2023,06-09-2024,2,Skincare,0.68,4.8,3.9,700,117,YES,LOW RISK,OK,OK,OK,OK,FLAG,,,,,,,,350,700,Low CLV
CUST1602,Female,19,Bangalore,07-09-2023,08-11-2024,8,Makeup,0.34,3.3,4.6,3600,54,NO,LOW RISK,OK,OK,OK,OK,OK,,,,,,,,450,3600,High CLV
CUST1603,Female,18,Hyderabad,02-10-2023,28-02-2024,7,Skincare,0.04,5.3,2.8,2450,308,YES,LOW RISK,OK,FLAG,FLAG,OK,OK,,,,,,,,350,2450,Medium CLV
CUST1604,Male,53,Pune,14-06-2023,30-10-2024,7,Haircare,0.39,2.6,4.5,3150,63,NO,LOW RISK,FLAG,OK,OK,OK,OK,,,,,,,,450,3150,Medium CLV
CUST1605,Male,43,Delhi,08-01-2023,12-07-2024,8,Skincare,0.59,4.7,4.2,3600,173,YES,LOW RISK,OK,OK,OK,OK,FLAG,,,,,,,,450,3600,High CLV
CUST1606,Male,46,Hyderabad,11-10-2023,12-04-2024,1,Haircare,0.7,4.2,2.8,350,264,YES,LOW RISK,OK,OK,FLAG,FLAG,FLAG,,,,,,,,350,350,Low CLV
CUST1607,Female,38,Delhi,05-01-2023,08-01-2024,1,Fragrance,0.3,3.3,4.2,450,359,YES,LOW RISK,OK,OK,OK,FLAG,OK,,,,,,,,450,450,Low CLV
CUST1608,Female,28,Pune,25-05-2023,06-10-2024,8,Fragrance,0.22,5,3.6,2800,87,NO,LOW RISK,OK,OK,OK,OK,OK,,,,,,,,350,2800,Medium CLV
CUST1609,Female,57,Bangalore,11-04-2023,10-06-2024,4,Fragrance,0.63,6.4,4.9,1800,205,YES,LOW RISK,FLAG,FLAG,OK,OK,FLAG,,,,,,,,450,1800,Medium CLV
CUST1610,Male,28,Pune,13-06-2023,27-09-2024,5,Haircare,0.13,7,2.9,1750,96,YES,LOW RISK,OK,FLAG,FLAG,OK,OK,,,,,,,,350,1750,Medium CLV
CUST1611,Female,53,Bangalore,27-05-2023,19-07-2024,8,Skincare,0.43,5,4.1,3600,166,YES,LOW RISK,FLAG,OK,OK,OK,OK,,,,,,,,450,3600,High CLV
CUST1612,Female,56,Pune,05-03-2023,31-05-2024,5,Skincare,0.28,4,3.5,1750,215,YES,LOW RISK,FLAG,OK,OK,OK,OK,,,,,,,,350,1750,Medium CLV
CUST1613,Female,57,Hyderabad,01-04-2023,07-06-2024,4,Makeup,0.03,3.1,4.9,1800,208,YES,LOW RISK,FLAG,OK,OK,OK,OK,,,,,,,,450,1800,Medium CLV
CUST1614,Female,52,Chennai,27-04-2023,02-09-2024,6,Haircare,0.24,3.3,3.3,2100,121,YES,LOW RISK,FLAG,OK,FLAG,OK,OK,,,,,,,,350,2100,Medium CLV
CUST1615,Male,51,Hyderabad,24-09-2023,17-11-2024,5,Makeup,0.19,4.4,4.9,2250,45,NO,LOW RISK,FLAG,OK,OK,OK,OK,,,,,,,,450,2250,Medium CLV
CUST1616,Male,41,Delhi,22-06-2023,24-06-2024,7,Fragrance,0.48,3.8,4.8,3150,191,YES,LOW RISK,OK,OK,OK,OK,OK,,,,,,,,450,3150,Medium CLV
CUST1617,Female,39,Hyderabad,16-02-2023,31-07-2024,7,Skincare,0.66,6.6,3.2,2450,154,YES,LOW RISK,OK,FLAG,FLAG,OK,FLAG,,,,,,,,350,2450,Medium CLV
CUST1618,Male,22,Mumbai,20-05-2023,17-09-2024,4,Haircare,0.19,3.8,4.5,1800,106,YES,LOW RISK,OK,OK,OK,OK,OK,,,,,,,,450,1800,Medium CLV
CUST1619,Male,50,Delhi,03-09-2023,09-01-2024,5,Makeup,0.57,3.9,5,2250,358,YES,LOW RISK,OK,OK,OK,OK,FLAG,,,,,,,,450,2250,Medium CLV
CUST1620,Female,53,Pune,29-05-2023,07-09-2024,3,Makeup,0.04,3.9,3.1,1050,116,YES,LOW RISK,FLAG,OK,FLAG,OK,OK,,,,,,,,350,1050,Low CLV
CUST1621,Female,37,Delhi,03-09-2023,10-10-2024,4,Makeup,0.38,6.2,3.6,1400,83,NO,LOW RISK,OK,FLAG,OK,OK,OK,,,,,,,,350,1400,Low CLV
CUST1622,Male,36,Chennai,05-01-2023,30-03-2024,4,Skincare,0.05,5.3,3.8,1400,277,YES,LOW RISK,OK,FLAG,OK,OK,OK,,,,,,,,350,1400,Low CLV
CUST1623,Female,52,Bangalore,03-07-2023,06-12-2024,3,Skincare,0.65,5.1,3.2,1050,26,NO,HIGH RISK,FLAG,FLAG,FLAG,OK,FLAG,,,,,,,,350,1050,Low CLV
CUST1624,Male,34,Pune,20-01-2023,01-06-2024,5,Skincare,0.54,3.7,2.5,1750,214,YES,LOW RISK,OK,OK,FLAG,OK,FLAG,,,,,,,,350,1750,Medium CLV
CUST1625,Female,51,Delhi,15-02-2023,17-05-2024,5,Haircare,0.46,6.1,3.1,1750,229,YES,LOW RISK,FLAG,FLAG,FLAG,OK,OK,,,,,,,,350,1750,Medium CLV
CUST1626,Male,26,Pune,12-01-2023,01-02-2024,7,Skincare,0.58,2.2,3.2,2450,335,YES,LOW RISK,OK,OK,FLAG,OK,FLAG,,,,,,,,350,2450,Medium CLV
CUST1627,Female,43,Pune,11-03-2023,25-09-2024,4,Haircare,0.45,6.4,3.6,1400,98,YES,LOW RISK,OK,FLAG,OK,OK,OK,,,,,,,,350,1400,Low CLV
CUST1628,Male,19,Pune,17-01-2023,30-07-2024,4,Makeup,0.68,4.6,2.9,1400,155,YES,LOW RISK,OK,OK,FLAG,OK,FLAG,,,,,,,,350,1400,Low CLV
CUST1629,Male,26,Bangalore,27-05-2023,12-09-2024,9,Makeup,0.5,4,4.7,4050,111,YES,LOW RISK,OK,OK,OK,OK,OK,,,,,,,,450,4050,High CLV
CUST1630,Male,26,Hyderabad,03-06-2023,19-07-2024,6,Fragrance,0.65,4.5,4.3,2700,166,YES,LOW RISK,OK,OK,OK,OK,FLAG,,,,,,,,450,2700,Medium CLV
CUST1631,Female,57,Pune,18-04-2023,10-07-2024,4,Skincare,0.36,5.3,2.7,1400,175,YES,LOW RISK,FLAG,FLAG,FLAG,OK,OK,,,,,,,,350,1400,Low CLV
CUST1632,Male,34,Mumbai,24-08-2023,14-11-2024,2,Makeup,0.08,2.1,4.1,900,48,NO,LOW RISK,OK,OK,OK,OK,OK,,,,,,,,450,900,Low CLV
CUST1633,Male,18,Chennai,11-03-2023,14-04-2024,6,Skincare,0.37,6.4,4.1,2700,262,YES,LOW RISK,OK,FLAG,OK,OK,OK,,,,,,,,450,2700,Medium CLV
CUST1634,Female,42,Bangalore,02-07-2023,13-01-2024,2,Haircare,0.09,4.2,4.9,900,354,YES,LOW RISK,OK,OK,OK,OK,OK,,,,,,,,450,900,Low CLV
CUST1635,Female,57,Delhi,07-09-2023,14-11-2024,5,Makeup,0.41,3.7,2.5,1750,48,NO,LOW RISK,FLAG,OK,FLAG,OK,OK,,,,,,,,350,1750,Medium CLV
CUST1636,Male,59,Bangalore,16-08-2023,22-12-2024,6,Skincare,0.34,2.7,3.1,2100,10,NO,LOW RISK,FLAG,OK,FLAG,OK,OK,,,,,,,,350,2100,Medium CLV
CUST1637,Male,42,Delhi,12-04-2023,24-10-2024,4,Makeup,0.44,4.2,4.8,1800,69,NO,LOW RISK,OK,OK,OK,OK,OK,,,,,,,,450,1800,Medium CLV
CUST1638,Female,56,Bangalore,16-03-2023,02-08-2024,3,Makeup,0.01,4.5,4.8,1350,152,YES,LOW RISK,FLAG,OK,OK,OK,OK,,,,,,,,450,1350,Low CLV
CUST1639,Female,52,Delhi,04-08-2023,07-02-2024,7,Skincare,0.14,4,4.3,3150,329,YES,LOW RISK,FLAG,OK,OK,OK,OK,,,,,,,,450,3150,Medium CLV
CUST1640,Female,20,Pune,22-07-2023,17-08-2024,2,Makeup,0.34,5.4,4.4,900,137,YES,LOW RISK,OK,FLAG,OK,OK,OK,,,,,,,,450,900,Low CLV
CUST1641,Female,54,Hyderabad,11-07-2023,04-09-2024,6,Makeup,0.67,4.1,2.7,2100,119,YES,LOW RISK,FLAG,OK,FLAG,OK,FLAG,,,,,,,,350,2100,Medium CLV
CUST1642,Female,47,Delhi,06-09-2023,28-09-2024,4,Makeup,0.27,6.8,3.8,1400,95,YES,LOW RISK,OK,FLAG,OK,OK,OK,,,,,,,,350,1400,Low CLV
CUST1643,Male,55,Delhi,30-08-2023,29-01-2024,6,Makeup,0.3,5,3.1,2100,338,YES,LOW RISK,FLAG,OK,FLAG,OK,OK,,,,,,,,350,2100,Medium CLV
CUST1644,Female,51,Mumbai,28-06-2023,18-07-2024,4,Haircare,0.5,6,3,1400,167,YES,LOW RISK,FLAG,FLAG,FLAG,OK,OK,,,,,,,,350,1400,Low CLV
CUST1645,Male,29,Delhi,07-08-2023,06-10-2024,4,Makeup,0.42,2.5,4.5,1800,87,NO,LOW RISK,OK,OK,OK,OK,OK,,,,,,,,450,1800,Medium CLV
CUST1646,Male,36,Mumbai,23-03-2023,24-05-2024,4,Fragrance,0.21,4,2.8,1400,222,YES,LOW RISK,OK,OK,FLAG,OK,OK,,,,,,,,350,1400,Low CLV
CUST1647,Male,54,Chennai,02-04-2023,01-08-2024,9,Makeup,0.29,3.7,3.7,3150,153,YES,LOW RISK,FLAG,OK,OK,OK,OK,,,,,,,,350,3150,Medium CLV
CUST1648,Female,34,Pune,24-06-2023,14-08-2024,7,Skincare,0.15,4.8,4.8,3150,140,YES,LOW RISK,OK,OK,OK,OK,OK,,,,,,,,450,3150,Medium CLV
CUST1649,Male,27,Mumbai,27-08-2023,22-11-2024,3,Fragrance,0.68,6.3,3,1050,40,NO,HIGH RISK,OK,FLAG,FLAG,OK,FLAG,,,,,,,,350,1050,Low CLV
CUST1650,Male,29,Hyderabad,17-09-2023,16-02-2024,3,Haircare,0.09,2.4,4.9,1350,320,YES,LOW RISK,OK,OK,OK,OK,OK,,,,,,,,450,1350,Low CLV
CUST1651,Female,33,Pune,12-06-2023,05-08-2024,6,Fragrance,0.26,2.4,5,2700,149,YES,LOW RISK,OK,OK,OK,OK,OK,,,,,,,,450,2700,Medium CLV
CUST1652,Male,41,Mumbai,17-02-2023,03-04-2024,6,Fragrance,0.02,6.3,3.9,2100,273,YES,LOW RISK,OK,FLAG,OK,OK,OK,,,,,,,,350,2100,Medium CLV
CUST1653,Male,36,Pune,26-04-2023,27-05-2024,4,Fragrance,0.16,3.1,2.9,1400,219,YES,LOW RISK,OK,OK,FLAG,OK,OK,,,,,,,,350,1400,Low CLV
CUST1654,Female,25,Pune,13-08-2023,06-10-2024,9,Skincare,0.55,5.3,3.3,3150,87,NO,HIGH RISK,OK,FLAG,FLAG,OK,FLAG,,,,,,,,350,3150,Medium CLV
CUST1655,Male,48,Pune,27-05-2023,30-08-2024,4,Skincare,0.14,4.7,3.6,1400,124,YES,LOW RISK,OK,OK,OK,OK,OK,,,,,,,,350,1400,Low CLV
CUST1656,Male,38,Chennai,04-03-2023,14-07-2024,9,Skincare,0.06,6.2,3.3,3150,171,YES,LOW RISK,OK,FLAG,FLAG,OK,OK,,,,,,,,350,3150,Medium CLV
CUST1657,Male,34,Hyderabad,21-10-2023,25-11-2024,4,Haircare,0.33,2.6,3.2,1400,37,NO,LOW RISK,OK,OK,FLAG,OK,OK,,,,,,,,350,1400,Low CLV
CUST1658,Female,40,Bangalore,13-01-2023,02-05-2024,2,Skincare,0.01,2.6,4.9,900,244,YES,LOW RISK,OK,OK,OK,OK,OK,,,,,,,,450,900,Low CLV
CUST1659,Female,54,Bangalore,08-07-2023,31-12-2024,2,Skincare,0.06,4.8,2.9,700,1,NO,LOW RISK,FLAG,OK,FLAG,OK,OK,,,,,,,,350,700,Low CLV
CUST1660,Female,33,Mumbai,14-10-2023,27-01-2024,5,Fragrance,0.57,6.7,4.3,2250,340,YES,LOW RISK,OK,FLAG,OK,OK,FLAG,,,,,,,,450,2250,Medium CLV
CUST1661,Male,23,Pune,27-07-2023,22-09-2024,4,Skincare,0.54,4.1,2.5,1400,101,YES,LOW RISK,OK,OK,FLAG,OK,FLAG,,,,,,,,350,1400,Low CLV
CUST1662,Male,25,Mumbai,24-04-2023,01-06-2024,7,Makeup,0.64,3.6,4,2450,214,YES,LOW RISK,OK,OK,OK,OK,FLAG,,,,,,,,350,2450,Medium CLV
CUST1663,Female,42,Chennai,22-01-2023,11-04-2024,5,Skincare,0.6,5,4.8,2250,265,YES,LOW RISK,OK,OK,OK,OK,FLAG,,,,,,,,450,2250,Medium CLV
CUST1664,Male,35,Chennai,02-08-2023,06-11-2024,6,Haircare,0.48,6.7,3.2,2100,56,NO,HIGH RISK,OK,FLAG,FLAG,OK,OK,,,,,,,,350,2100,Medium CLV
CUST1665,Male,42,Delhi,20-06-2023,10-10-2024,4,Haircare,0.04,6.2,3,1400,83,NO,HIGH RISK,OK,FLAG,FLAG,OK,OK,,,,,,,,350,1400,Low CLV
CUST1666,Female,29,Chennai,23-02-2023,24-04-2024,2,Makeup,0.55,7,4.1,900,252,YES,LOW RISK,OK,FLAG,OK,OK,FLAG,,,,,,,,450,900,Low CLV
CUST1667,Female,32,Delhi,25-10-2023,09-03-2024,9,Haircare,0.59,2.1,4.3,4050,298,YES,LOW RISK,OK,OK,OK,OK,FLAG,,,,,,,,450,4050,High CLV
CUST1668,Male,43,Hyderabad,06-05-2023,11-05-2024,7,Haircare,0.56,2.6,4.2,3150,235,YES,LOW RISK,OK,OK,OK,OK,FLAG,,,,,,,,450,3150,Medium CLV
CUST1669,Male,58,Mumbai,04-10-2023,20-01-2024,4,Fragrance,0.36,5,3.3,1400,347,YES,LOW RISK,FLAG,OK,FLAG,OK,OK,,,,,,,,350,1400,Low CLV
CUST1670,Male,43,Hyderabad,23-07-2023,26-08-2024,3,Makeup,0.16,6.1,3.1,1050,128,YES,LOW RISK,OK,FLAG,FLAG,OK,OK,,,,,,,,350,1050,Low CLV
CUST1671,Female,49,Chennai,13-07-2023,20-08-2024,3,Fragrance,0.59,3.4,4.9,1350,134,YES,LOW RISK,OK,OK,OK,OK,FLAG,,,,,,,,450,1350,Low CLV
CUST1672,Female,27,Hyderabad,18-06-2023,14-11-2024,9,Fragrance,0.51,3.2,4.8,4050,48,NO,LOW RISK,OK,OK,OK,OK,FLAG,,,,,,,,450,4050,High CLV
CUST1673,Female,33,Hyderabad,01-06-2023,16-11-2024,5,Skincare,0.69,5.9,3.6,1750,46,NO,LOW RISK,OK,FLAG,OK,OK,FLAG,,,,,,,,350,1750,Medium CLV
CUST1674,Female,24,Hyderabad,04-02-2023,01-06-2024,3,Makeup,0.11,2.3,4.6,1350,214,YES,LOW RISK,OK,OK,OK,OK,OK,,,,,,,,450,1350,Low CLV
CUST1675,Male,34,Chennai,03-07-2023,07-07-2024,5,Skincare,0.16,3.8,3.6,1750,178,YES,LOW RISK,OK,OK,OK,OK,OK,,,,,,,,350,1750,Medium CLV
CUST1676,Female,40,Pune,13-10-2023,30-03-2024,2,Skincare,0.15,4.5,3.6,700,277,YES,LOW RISK,OK,OK,OK,OK,OK,,,,,,,,350,700,Low CLV
CUST1677,Female,43,Hyderabad,26-02-2023,23-05-2024,4,Fragrance,0.55,4.8,2.9,1400,223,YES,LOW RISK,OK,OK,FLAG,OK,FLAG,,,,,,,,350,1400,Low CLV
CUST1678,Female,38,Delhi,10-08-2023,24-10-2024,2,Haircare,0.13,5.6,3.6,700,69,NO,LOW RISK,OK,FLAG,OK,OK,OK,,,,,,,,350,700,Low CLV
CUST1679,Female,39,Chennai,12-06-2023,23-12-2024,2,Makeup,0.05,3.8,3.8,700,9,NO,LOW RISK,OK,OK,OK,OK,OK,,,,,,,,350,700,Low CLV
CUST1680,Female,24,Hyderabad,19-01-2023,25-06-2024,8,Haircare,0.7,5.1,2.6,2800,190,YES,LOW RISK,OK,FLAG,FLAG,OK,FLAG,,,,,,,,350,2800,Medium CLV
CUST1681,Male,31,Pune,21-09-2023,16-11-2024,1,Fragrance,0.02,4.9,3.6,350,46,NO,LOW RISK,OK,OK,OK,FLAG,OK,,,,,,,,350,350,Low CLV
CUST1682,Male,32,Chennai,09-10-2023,12-02-2024,7,Fragrance,0.58,4.7,4.5,3150,324,YES,LOW RISK,OK,OK,OK,OK,FLAG,,,,,,,,450,3150,Medium CLV
CUST1683,Female,24,Bangalore,23-04-2023,21-05-2024,5,Fragrance,0.26,5.2,4.2,2250,225,YES,LOW RISK,OK,FLAG,OK,OK,OK,,,,,,,,450,2250,Medium CLV
CUST1684,Male,26,Pune,30-01-2023,13-07-2024,8,Fragrance,0.59,3.3,4.1,3600,172,YES,LOW RISK,OK,OK,OK,OK,FLAG,,,,,,,,450,3600,High CLV
CUST1685,Female,25,Delhi,15-05-2023,09-08-2024,1,Fragrance,0.39,2.4,4.8,450,145,YES,LOW RISK,OK,OK,OK,FLAG,OK,,,,,,,,450,450,Low CLV
CUST1686,Female,40,Hyderabad,08-03-2023,26-07-2024,7,Fragrance,0.63,2.6,2.5,2450,159,YES,LOW RISK,OK,OK,FLAG,OK,FLAG,,,,,,,,350,2450,Medium CLV
CUST1687,Male,46,Bangalore,06-03-2023,12-08-2024,5,Haircare,0.65,3.1,3.9,1750,142,YES,LOW RISK,OK,OK,OK,OK,FLAG,,,,,,,,350,1750,Medium CLV
CUST1688,Male,35,Bangalore,19-10-2023,03-12-2024,4,Skincare,0.01,4.5,4.5,1800,29,NO,LOW RISK,OK,OK,OK,OK,OK,,,,,,,,450,1800,Medium CLV
CUST1689,Female,48,Chennai,25-01-2023,20-05-2024,7,Haircare,0.05,6.2,3.9,2450,226,YES,LOW RISK,OK,FLAG,OK,OK,OK,,,,,,,,350,2450,Medium CLV
CUST1690,Female,47,Bangalore,06-02-2023,28-05-2024,2,Makeup,0.18,5.5,3.3,700,218,YES,LOW RISK,OK,FLAG,FLAG,OK,OK,,,,,,,,350,700,Low CLV
CUST1691,Female,56,Delhi,01-01-2023,31-05-2024,1,Haircare,0.47,5.9,2.8,350,215,YES,LOW RISK,FLAG,FLAG,FLAG,FLAG,OK,,,,,,,,350,350,Low CLV
CUST1692,Male,52,Delhi,06-02-2023,22-03-2024,1,Fragrance,0.62,3.8,4.7,450,285,YES,LOW RISK,FLAG,OK,OK,FLAG,FLAG,,,,,,,,450,450,Low CLV
CUST1693,Female,35,Mumbai,21-05-2023,12-10-2024,1,Haircare,0.32,4,3.7,350,81,NO,LOW RISK,OK,OK,OK,FLAG,OK,,,,,,,,350,350,Low CLV
CUST1694,Female,59,Delhi,20-08-2023,01-12-2024,5,Skincare,0.42,4,4.7,2250,31,NO,LOW RISK,FLAG,OK,OK,OK,OK,,,,,,,,450,2250,Medium CLV
CUST1695,Female,56,Pune,16-05-2023,08-08-2024,7,Makeup,0.13,3,4,2450,146,YES,LOW RISK,FLAG,OK,OK,OK,OK,,,,,,,,350,2450,Medium CLV
CUST1696,Male,34,Bangalore,07-07-2023,16-01-2024,2,Haircare,0.56,2.3,4.2,900,351,YES,LOW RISK,OK,OK,OK,OK,FLAG,,,,,,,,450,900,Low CLV
CUST1697,Female,31,Delhi,08-05-2023,18-09-2024,8,Skincare,0.68,5,4.5,3600,105,YES,LOW RISK,OK,OK,OK,OK,FLAG,,,,,,,,450,3600,High CLV
CUST1698,Female,48,Chennai,20-07-2023,04-11-2024,4,Haircare,0.19,6.9,4.1,1800,58,NO,LOW RISK,OK,FLAG,OK,OK,OK,,,,,,,,450,1800,Medium CLV
CUST1699,Male,41,Mumbai,07-05-2023,24-05-2024,3,Makeup,0.35,2.8,3.5,1050,222,YES,LOW RISK,OK,OK,OK,OK,OK,,,,,,,,350,1050,Low CLV
CUST1700,Female,52,Bangalore,14-09-2023,16-12-2024,8,Haircare,0.06,2.2,3.8,2800,16,NO,LOW RISK,FLAG,OK,OK,OK,OK,,,,,,,,350,2800,Medium CLV
CUST1701,Female,51,Mumbai,13-06-2023,09-11-2024,2,Fragrance,0.39,5.9,4.5,900,53,NO,LOW RISK,FLAG,FLAG,OK,OK,OK,,,,,,,,450,900,Low CLV
CUST1702,Male,20,Bangalore,04-02-2023,08-03-2024,3,Haircare,0.35,3.3,3.4,1050,299,YES,LOW RISK,OK,OK,FLAG,OK,OK,,,,,,,,350,1050,Low CLV
CUST1703,Female,54,Chennai,13-07-2023,17-12-2024,3,Skincare,0.1,6.1,3.5,1050,15,NO,LOW RISK,FLAG,FLAG,OK,OK,OK,,,,,,,,350,1050,Low CLV
CUST1704,Male,57,Mumbai,10-07-2023,12-11-2024,1,Haircare,0.31,5.5,2.7,350,50,NO,HIGH RISK,FLAG,FLAG,FLAG,FLAG,OK,,,,,,,,350,350,Low CLV
CUST1705,Male,43,Hyderabad,14-04-2023,20-09-2024,6,Skincare,0.23,6.7,4.8,2700,103,YES,LOW RISK,OK,FLAG,OK,OK,OK,,,,,,,,450,2700,Medium CLV
CUST1706,Female,40,Pune,23-01-2023,11-07-2024,2,Makeup,0.37,4,2.7,700,174,YES,LOW RISK,OK,OK,FLAG,OK,OK,,,,,,,,350,700,Low CLV
CUST1707,Female,56,Pune,22-09-2023,21-01-2024,1,Haircare,0.41,5.3,4.1,450,346,YES,LOW RISK,FLAG,FLAG,OK,FLAG,OK,,,,,,,,450,450,Low CLV
CUST1708,Female,32,Bangalore,17-10-2023,02-03-2024,2,Makeup,0.01,4.3,3.5,700,305,YES,LOW RISK,OK,OK,OK,OK,OK,,,,,,,,350,700,Low CLV
CUST1709,Female,21,Hyderabad,17-09-2023,09-01-2024,6,Makeup,0.53,5.2,3.5,2100,358,YES,LOW RISK,OK,FLAG,OK,OK,FLAG,,,,,,,,350,2100,Medium CLV
CUST1710,Male,46,Mumbai,16-03-2023,26-08-2024,4,Haircare,0.5,4.2,4.2,1800,128,YES,LOW RISK,OK,OK,OK,OK,OK,,,,,,,,450,1800,Medium CLV
CUST1711,Female,39,Hyderabad,13-03-2023,21-08-2024,6,Skincare,0.26,2.9,2.7,2100,133,YES,LOW RISK,OK,OK,FLAG,OK,OK,,,,,,,,350,2100,Medium CLV
CUST1712,Male,42,Hyderabad,16-09-2023,13-10-2024,9,Makeup,0.04,4.5,4,3150,80,NO,LOW RISK,OK,OK,OK,OK,OK,,,,,,,,350,3150,Medium CLV
CUST1713,Female,30,Mumbai,07-07-2023,17-07-2024,8,Makeup,0.53,4.6,4.4,3600,168,YES,LOW RISK,OK,OK,OK,OK,FLAG,,,,,,,,450,3600,High CLV
CUST1714,Female,35,Chennai,22-06-2023,05-12-2024,1,Haircare,0.67,6.1,4.6,450,27,NO,LOW RISK,OK,FLAG,OK,FLAG,FLAG,,,,,,,,450,450,Low CLV
CUST1715,Female,50,Hyderabad,17-10-2023,02-12-2024,8,Haircare,0.17,5.7,2.9,2800,30,NO,HIGH RISK,OK,FLAG,FLAG,OK,OK,,,,,,,,350,2800,Medium CLV
CUST1716,Male,33,Hyderabad,14-02-2023,20-06-2024,9,Haircare,0.23,5.3,4.7,4050,195,YES,LOW RISK,OK,FLAG,OK,OK,OK,,,,,,,,450,4050,High CLV
CUST1717,Female,59,Chennai,02-03-2023,26-07-2024,6,Haircare,0.13,2.6,4.1,2700,159,YES,LOW RISK,FLAG,OK,OK,OK,OK,,,,,,,,450,2700,Medium CLV
CUST1718,Female,19,Hyderabad,24-03-2023,19-07-2024,5,Haircare,0.4,5.6,4.7,2250,166,YES,LOW RISK,OK,FLAG,OK,OK,OK,,,,,,,,450,2250,Medium CLV
CUST1719,Female,52,Hyderabad,03-05-2023,22-09-2024,6,Fragrance,0.11,4.5,3.7,2100,101,YES,LOW RISK,FLAG,OK,OK,OK,OK,,,,,,,,350,2100,Medium CLV
CUST1720,Female,59,Hyderabad,16-01-2023,21-05-2024,6,Haircare,0.25,6.5,3.9,2100,225,YES,LOW RISK,FLAG,FLAG,OK,OK,OK,,,,,,,,350,2100,Medium CLV
CUST1721,Male,51,Pune,07-03-2023,09-08-2024,9,Skincare,0.49,6.6,4.8,4050,145,YES,LOW RISK,FLAG,FLAG,OK,OK,OK,,,,,,,,450,4050,High CLV
CUST1722,Female,47,Delhi,25-05-2023,23-10-2024,4,Makeup,0.39,2.3,4.7,1800,70,NO,LOW RISK,OK,OK,OK,OK,OK,,,,,,,,450,1800,Medium CLV
CUST1723,Male,30,Chennai,11-06-2023,21-08-2024,2,Skincare,0.27,6.1,3.6,700,133,YES,LOW RISK,OK,FLAG,OK,OK,OK,,,,,,,,350,700,Low CLV
CUST1724,Male,30,Hyderabad,22-08-2023,06-12-2024,9,Skincare,0.29,2.2,3.2,3150,26,NO,LOW RISK,OK,OK,FLAG,OK,OK,,,,,,,,350,3150,Medium CLV
CUST1725,Male,35,Pune,24-05-2023,07-10-2024,2,Fragrance,0.39,3.8,3.5,700,86,NO,LOW RISK,OK,OK,OK,OK,OK,,,,,,,,350,700,Low CLV
CUST1726,Male,49,Chennai,07-07-2023,28-12-2024,9,Haircare,0,4.7,3.5,3150,4,NO,LOW RISK,OK,OK,OK,OK,OK,,,,,,,,350,3150,Medium CLV
CUST1727,Male,49,Bangalore,13-01-2023,14-02-2024,2,Makeup,0.05,2.7,3.2,700,322,YES,LOW RISK,OK,OK,FLAG,OK,OK,,,,,,,,350,700,Low CLV
CUST1728,Male,52,Bangalore,03-07-2023,08-01-2024,8,Skincare,0.62,5.7,3.2,2800,359,YES,LOW RISK,FLAG,FLAG,FLAG,OK,FLAG,,,,,,,,350,2800,Medium CLV
CUST1729,Female,56,Hyderabad,21-04-2023,09-05-2024,9,Haircare,0.05,2,4.7,4050,237,YES,LOW RISK,FLAG,OK,OK,OK,OK,,,,,,,,450,4050,High CLV
CUST1730,Male,46,Pune,17-10-2023,28-04-2024,9,Haircare,0.49,2.8,2.7,3150,248,YES,LOW RISK,OK,OK,FLAG,OK,OK,,,,,,,,350,3150,Medium CLV
CUST1731,Male,46,Pune,22-10-2023,03-01-2024,9,Fragrance,0.64,4.9,4.2,4050,364,YES,LOW RISK,OK,OK,OK,OK,FLAG,,,,,,,,450,4050,High CLV
CUST1732,Male,33,Chennai,03-08-2023,17-01-2024,2,Fragrance,0.19,5.6,2.9,700,350,YES,LOW RISK,OK,FLAG,FLAG,OK,OK,,,,,,,,350,700,Low CLV
CUST1733,Female,27,Chennai,30-04-2023,21-10-2024,4,Fragrance,0.26,6.6,3.4,1400,72,NO,HIGH RISK,OK,FLAG,FLAG,OK,OK,,,,,,,,350,1400,Low CLV
CUST1734,Female,47,Pune,24-02-2023,04-09-2024,7,Makeup,0.4,5.5,2.7,2450,119,YES,LOW RISK,OK,FLAG,FLAG,OK,OK,,,,,,,,350,2450,Medium CLV
CUST1735,Male,42,Chennai,27-01-2023,02-07-2024,2,Skincare,0.62,5.4,3.2,700,183,YES,LOW RISK,OK,FLAG,FLAG,OK,FLAG,,,,,,,,350,700,Low CLV
CUST1736,Female,56,Pune,28-04-2023,22-10-2024,1,Fragrance,0.66,4,4.4,450,71,NO,LOW RISK,FLAG,OK,OK,FLAG,FLAG,,,,,,,,450,450,Low CLV
CUST1737,Male,37,Delhi,09-08-2023,14-11-2024,3,Fragrance,0.52,2,4.7,1350,48,NO,LOW RISK,OK,OK,OK,OK,FLAG,,,,,,,,450,1350,Low CLV
CUST1738,Male,22,Pune,19-08-2023,06-01-2024,4,Fragrance,0.06,2.6,3.1,1400,361,YES,LOW RISK,OK,OK,FLAG,OK,OK,,,,,,,,350,1400,Low CLV
CUST1739,Female,18,Bangalore,22-02-2023,30-06-2024,8,Skincare,0.47,4.7,3.7,2800,185,YES,LOW RISK,OK,OK,OK,OK,OK,,,,,,,,350,2800,Medium CLV
CUST1740,Male,47,Chennai,22-10-2023,31-03-2024,6,Skincare,0.29,5.4,3.7,2100,276,YES,LOW RISK,OK,FLAG,OK,OK,OK,,,,,,,,350,2100,Medium CLV
CUST1741,Female,20,Pune,21-08-2023,21-11-2024,2,Fragrance,0.33,4.1,4.7,900,41,NO,LOW RISK,OK,OK,OK,OK,OK,,,,,,,,450,900,Low CLV
CUST1742,Female,31,Pune,07-06-2023,29-11-2024,9,Fragrance,0.03,5.7,4.4,4050,33,NO,LOW RISK,OK,FLAG,OK,OK,OK,,,,,,,,450,4050,High CLV
CUST1743,Male,47,Chennai,26-09-2023,12-11-2024,2,Haircare,0.13,4.6,3.8,700,50,NO,LOW RISK,OK,OK,OK,OK,OK,,,,,,,,350,700,Low CLV
CUST1744,Male,21,Delhi,21-01-2023,16-07-2024,5,Fragrance,0.55,2.4,4.2,2250,169,YES,LOW RISK,OK,OK,OK,OK,FLAG,,,,,,,,450,2250,Medium CLV
CUST1745,Female,35,Delhi,22-02-2023,26-04-2024,4,Makeup,0.32,3,4.6,1800,250,YES,LOW RISK,OK,OK,OK,OK,OK,,,,,,,,450,1800,Medium CLV
CUST1746,Male,54,Chennai,02-10-2023,01-12-2024,7,Makeup,0.21,6.2,2.5,2450,31,NO,HIGH RISK,FLAG,FLAG,FLAG,OK,OK,,,,,,,,350,2450,Medium CLV
CUST1747,Male,42,Mumbai,08-10-2023,12-03-2024,8,Fragrance,0.27,5.6,3.5,2800,295,YES,LOW RISK,OK,FLAG,OK,OK,OK,,,,,,,,350,2800,Medium CLV
CUST1748,Male,18,Chennai,02-08-2023,09-09-2024,5,Skincare,0.6,6.5,4.8,2250,114,YES,LOW RISK,OK,FLAG,OK,OK,FLAG,,,,,,,,450,2250,Medium CLV
CUST1749,Female,32,Chennai,31-01-2023,07-06-2024,5,Haircare,0.52,2.6,4.4,2250,208,YES,LOW RISK,OK,OK,OK,OK,FLAG,,,,,,,,450,2250,Medium CLV
CUST1750,Female,26,Delhi,02-07-2023,27-09-2024,2,Skincare,0.19,7,3.9,700,96,YES,LOW RISK,OK,FLAG,OK,OK,OK,,,,,,,,350,700,Low CLV
CUST1751,Male,32,Delhi,23-01-2023,17-02-2024,8,Fragrance,0.08,3,3.8,2800,319,YES,LOW RISK,OK,OK,OK,OK,OK,,,,,,,,350,2800,Medium CLV
CUST1752,Female,41,Chennai,01-02-2023,17-02-2024,2,Makeup,0.18,2.1,3.4,700,319,YES,LOW RISK,OK,OK,FLAG,OK,OK,,,,,,,,350,700,Low CLV
CUST1753,Female,21,Chennai,15-03-2023,24-05-2024,6,Haircare,0.64,7,3.8,2100,222,YES,LOW RISK,OK,FLAG,OK,OK,FLAG,,,,,,,,350,2100,Medium CLV
CUST1754,Female,29,Chennai,10-01-2023,22-01-2024,8,Skincare,0.41,3.4,4.1,3600,345,YES,LOW RISK,OK,OK,OK,OK,OK,,,,,,,,450,3600,High CLV
CUST1755,Female,54,Delhi,23-02-2023,02-05-2024,6,Skincare,0.37,5.3,3.5,2100,244,YES,LOW RISK,FLAG,FLAG,OK,OK,OK,,,,,,,,350,2100,Medium CLV
CUST1756,Female,54,Chennai,21-02-2023,18-03-2024,4,Fragrance,0.42,2.9,4.3,1800,289,YES,LOW RISK,FLAG,OK,OK,OK,OK,,,,,,,,450,1800,Medium CLV
CUST1757,Male,23,Chennai,28-05-2023,15-07-2024,4,Haircare,0.26,4.9,4.7,1800,170,YES,LOW RISK,OK,OK,OK,OK,OK,,,,,,,,450,1800,Medium CLV
CUST1758,Male,56,Hyderabad,09-06-2023,20-12-2024,6,Makeup,0.56,6.5,2.9,2100,12,NO,HIGH RISK,FLAG,FLAG,FLAG,OK,FLAG,,,,,,,,350,2100,Medium CLV
CUST1759,Male,41,Mumbai,14-01-2023,20-01-2024,4,Fragrance,0.37,3.6,3.6,1400,347,YES,LOW RISK,OK,OK,OK,OK,OK,,,,,,,,350,1400,Low CLV
CUST1760,Female,28,Bangalore,27-06-2023,23-08-2024,8,Haircare,0.08,5.4,3.5,2800,131,YES,LOW RISK,OK,FLAG,OK,OK,OK,,,,,,,,350,2800,Medium CLV
CUST1761,Female,30,Mumbai,22-02-2023,11-04-2024,9,Skincare,0.09,2.9,4.2,4050,265,YES,LOW RISK,OK,OK,OK,OK,OK,,,,,,,,450,4050,High CLV
CUST1762,Male,51,Hyderabad,22-01-2023,04-05-2024,1,Fragrance,0.38,5.1,3.1,350,242,YES,LOW RISK,FLAG,FLAG,FLAG,FLAG,OK,,,,,,,,350,350,Low CLV
CUST1763,Female,42,Bangalore,30-01-2023,23-03-2024,4,Skincare,0.66,3.7,4.1,1800,284,YES,LOW RISK,OK,OK,OK,OK,FLAG,,,,,,,,450,1800,Medium CLV
CUST1764,Male,24,Chennai,10-07-2023,18-01-2024,4,Skincare,0.22,3.1,4.7,1800,349,YES,LOW RISK,OK,OK,OK,OK,OK,,,,,,,,450,1800,Medium CLV
CUST1765,Male,21,Hyderabad,17-09-2023,17-11-2024,2,Fragrance,0.61,3.6,3.5,700,45,NO,LOW RISK,OK,OK,OK,OK,FLAG,,,,,,,,350,700,Low CLV
CUST1766,Male,25,Chennai,24-07-2023,09-08-2024,6,Fragrance,0.53,2.9,4.8,2700,145,YES,LOW RISK,OK,OK,OK,OK,FLAG,,,,,,,,450,2700,Medium CLV
CUST1767,Female,37,Delhi,28-02-2023,17-08-2024,3,Fragrance,0.17,6.5,5,1350,137,YES,LOW RISK,OK,FLAG,OK,OK,OK,,,,,,,,450,1350,Low CLV
CUST1768,Female,46,Pune,21-09-2023,15-10-2024,7,Fragrance,0.03,4,2.8,2450,78,NO,LOW RISK,OK,OK,FLAG,OK,OK,,,,,,,,350,2450,Medium CLV
CUST1769,Male,27,Hyderabad,12-01-2023,22-05-2024,5,Fragrance,0.07,3.2,3.1,1750,224,YES,LOW RISK,OK,OK,FLAG,OK,OK,,,,,,,,350,1750,Medium CLV
CUST1770,Male,51,Delhi,29-04-2023,27-05-2024,4,Skincare,0.51,4.2,4.9,1800,219,YES,LOW RISK,FLAG,OK,OK,OK,FLAG,,,,,,,,450,1800,Medium CLV
CUST1771,Male,43,Hyderabad,17-10-2023,10-02-2024,5,Makeup,0.14,3.6,4.9,2250,326,YES,LOW RISK,OK,OK,OK,OK,OK,,,,,,,,450,2250,Medium CLV
CUST1772,Male,58,Hyderabad,05-09-2023,11-02-2024,8,Makeup,0.26,5.7,2.7,2800,325,YES,LOW RISK,FLAG,FLAG,FLAG,OK,OK,,,,,,,,350,2800,Medium CLV
CUST1773,Female,20,Delhi,07-05-2023,01-06-2024,3,Fragrance,0.35,6.9,2.5,1050,214,YES,LOW RISK,OK,FLAG,FLAG,OK,OK,,,,,,,,350,1050,Low CLV
CUST1774,Female,23,Bangalore,16-03-2023,17-07-2024,7,Skincare,0.51,4.2,2.9,2450,168,YES,LOW RISK,OK,OK,FLAG,OK,FLAG,,,,,,,,350,2450,Medium CLV
CUST1775,Male,22,Mumbai,23-07-2023,13-12-2024,6,Makeup,0.08,6.3,5,2700,19,NO,LOW RISK,OK,FLAG,OK,OK,OK,,,,,,,,450,2700,Medium CLV
CUST1776,Male,22,Chennai,18-02-2023,14-03-2024,1,Makeup,0.28,4.8,2.9,350,293,YES,LOW RISK,OK,OK,FLAG,FLAG,OK,,,,,,,,350,350,Low CLV
CUST1777,Female,40,Hyderabad,20-03-2023,12-05-2024,7,Makeup,0.34,2.8,3.8,2450,234,YES,LOW RISK,OK,OK,OK,OK,OK,,,,,,,,350,2450,Medium CLV
CUST1778,Female,26,Chennai,29-08-2023,31-01-2024,7,Skincare,0.38,5.5,4.6,3150,336,YES,LOW RISK,OK,FLAG,OK,OK,OK,,,,,,,,450,3150,Medium CLV
CUST1779,Male,52,Pune,03-06-2023,14-08-2024,1,Fragrance,0.57,4.6,2.6,350,140,YES,LOW RISK,FLAG,OK,FLAG,FLAG,FLAG,,,,,,,,350,350,Low CLV
CUST1780,Male,37,Delhi,01-10-2023,28-01-2024,9,Fragrance,0.12,5.3,4,3150,339,YES,LOW RISK,OK,FLAG,OK,OK,OK,,,,,,,,350,3150,Medium CLV
CUST1781,Male,59,Chennai,06-04-2023,31-05-2024,6,Fragrance,0.57,6.4,3.2,2100,215,YES,LOW RISK,FLAG,FLAG,FLAG,OK,FLAG,,,,,,,,350,2100,Medium CLV
CUST1782,Female,52,Delhi,02-08-2023,05-10-2024,2,Haircare,0.49,4.2,4.7,900,88,NO,LOW RISK,FLAG,OK,OK,OK,OK,,,,,,,,450,900,Low CLV
CUST1783,Female,35,Chennai,21-10-2023,21-01-2024,5,Haircare,0.39,6.5,3.2,1750,346,YES,LOW RISK,OK,FLAG,FLAG,OK,OK,,,,,,,,350,1750,Medium CLV
CUST1784,Female,34,Mumbai,28-07-2023,21-10-2024,4,Haircare,0.49,5.8,4.2,1800,72,NO,LOW RISK,OK,FLAG,OK,OK,OK,,,,,,,,450,1800,Medium CLV
CUST1785,Male,41,Mumbai,29-03-2023,16-06-2024,7,Skincare,0.29,4.4,4.2,3150,199,YES,LOW RISK,OK,OK,OK,OK,OK,,,,,,,,450,3150,Medium CLV
CUST1786,Male,20,Mumbai,21-09-2023,07-03-2024,8,Makeup,0.1,5,3.1,2800,300,YES,LOW RISK,OK,OK,FLAG,OK,OK,,,,,,,,350,2800,Medium CLV
CUST1787,Female,49,Mumbai,06-06-2023,21-09-2024,1,Makeup,0.47,3.6,2.6,350,102,YES,LOW RISK,OK,OK,FLAG,FLAG,OK,,,,,,,,350,350,Low CLV
CUST1788,Female,52,Mumbai,05-06-2023,30-11-2024,5,Skincare,0.37,6.9,3.5,1750,32,NO,LOW RISK,FLAG,FLAG,OK,OK,OK,,,,,,,,350,1750,Medium CLV
CUST1789,Male,55,Mumbai,19-05-2023,13-09-2024,3,Skincare,0.45,5.3,3.2,1050,110,YES,LOW RISK,FLAG,FLAG,FLAG,OK,OK,,,,,,,,350,1050,Low CLV
CUST1790,Female,30,Delhi,01-05-2023,15-11-2024,1,Fragrance,0.24,2.2,4.5,450,47,NO,LOW RISK,OK,OK,OK,FLAG,OK,,,,,,,,450,450,Low CLV
CUST1791,Female,42,Hyderabad,06-03-2023,09-08-2024,3,Fragrance,0.63,3.6,4.5,1350,145,YES,LOW RISK,OK,OK,OK,OK,FLAG,,,,,,,,450,1350,Low CLV
CUST1792,Male,26,Chennai,17-04-2023,08-07-2024,6,Haircare,0.41,5.1,3.6,2100,177,YES,LOW RISK,OK,FLAG,OK,OK,OK,,,,,,,,350,2100,Medium CLV
CUST1793,Female,21,Mumbai,27-05-2023,20-10-2024,7,Haircare,0.06,2.3,4,2450,73,NO,LOW RISK,OK,OK,OK,OK,OK,,,,,,,,350,2450,Medium CLV
CUST1794,Male,31,Delhi,17-05-2023,26-11-2024,8,Skincare,0.31,2.1,4,2800,36,NO,LOW RISK,OK,OK,OK,OK,OK,,,,,,,,350,2800,Medium CLV
CUST1795,Male,54,Delhi,11-06-2023,26-11-2024,4,Haircare,0.53,4.3,4.6,1800,36,NO,LOW RISK,FLAG,OK,OK,OK,FLAG,,,,,,,,450,1800,Medium CLV
CUST1796,Male,51,Delhi,10-04-2023,29-09-2024,3,Makeup,0.56,3.7,3.6,1050,94,YES,LOW RISK,FLAG,OK,OK,OK,FLAG,,,,,,,,350,1050,Low CLV
CUST1797,Male,28,Hyderabad,21-05-2023,04-06-2024,5,Skincare,0.35,4.2,3.2,1750,211,YES,LOW RISK,OK,OK,FLAG,OK,OK,,,,,,,,350,1750,Medium CLV
CUST1798,Male,58,Chennai,24-03-2023,01-08-2024,9,Skincare,0.63,3.3,3.2,3150,153,YES,LOW RISK,FLAG,OK,FLAG,OK,FLAG,,,,,,,,350,3150,Medium CLV
CUST1799,Male,20,Hyderabad,26-06-2023,11-11-2024,6,Makeup,0.19,2.8,3.8,2100,51,NO,LOW RISK,OK,OK,OK,OK,OK,,,,,,,,350,2100,Medium CLV
CUST1800,Male,45,Bangalore,17-07-2023,13-01-2024,9,Fragrance,0.29,5.4,3.6,3150,354,YES,LOW RISK,OK,FLAG,OK,OK,OK,,,,,,,,350,3150,Medium CLV
CUST1801,Female,46,Delhi,22-04-2023,12-10-2024,6,Fragrance,0.63,4.6,3.6,2100,81,NO,LOW RISK,OK,OK,OK,OK,FLAG,,,,,,,,350,2100,Medium CLV
CUST1802,Male,26,Bangalore,25-02-2023,26-03-2024,2,Makeup,0.63,3,2.7,700,281,YES,LOW RISK,OK,OK,FLAG,OK,FLAG,,,,,,,,350,700,Low CLV
CUST1803,Male,20,Pune,28-06-2023,23-08-2024,5,Makeup,0.48,3.6,4.3,2250,131,YES,LOW RISK,OK,OK,OK,OK,OK,,,,,,,,450,2250,Medium CLV
CUST1804,Female,42,Mumbai,05-07-2023,27-11-2024,9,Haircare,0.6,5,3,3150,35,NO,LOW RISK,OK,OK,FLAG,OK,FLAG,,,,,,,,350,3150,Medium CLV
CUST1805,Female,51,Mumbai,06-08-2023,31-01-2024,8,Skincare,0.06,2.4,3,2800,336,YES,LOW RISK,FLAG,OK,FLAG,OK,OK,,,,,,,,350,2800,Medium CLV
CUST1806,Female,29,Hyderabad,05-08-2023,10-12-2024,7,Haircare,0.61,2.7,3.5,2450,22,NO,LOW RISK,OK,OK,OK,OK,FLAG,,,,,,,,350,2450,Medium CLV
CUST1807,Male,59,Chennai,30-04-2023,16-06-2024,1,Makeup,0.22,2.4,3.1,350,199,YES,LOW RISK,FLAG,OK,FLAG,FLAG,OK,,,,,,,,350,350,Low CLV
CUST1808,Female,26,Bangalore,24-06-2023,03-01-2024,4,Haircare,0.12,6.1,4,1400,364,YES,LOW RISK,OK,FLAG,OK,OK,OK,,,,,,,,350,1400,Low CLV
CUST1809,Male,32,Chennai,23-01-2023,07-06-2024,7,Makeup,0.17,5.8,3.4,2450,208,YES,LOW RISK,OK,FLAG,FLAG,OK,OK,,,,,,,,350,2450,Medium CLV
CUST1810,Male,57,Hyderabad,01-08-2023,22-08-2024,7,Haircare,0.29,5.8,3.6,2450,132,YES,LOW RISK,FLAG,FLAG,OK,OK,OK,,,,,,,,350,2450,Medium CLV
CUST1811,Male,42,Mumbai,23-08-2023,28-08-2024,6,Haircare,0.18,5.6,3.8,2100,126,YES,LOW RISK,OK,FLAG,OK,OK,OK,,,,,,,,350,2100,Medium CLV
CUST1812,Male,22,Chennai,13-01-2023,16-07-2024,8,Fragrance,0.22,5.3,3,2800,169,YES,LOW RISK,OK,FLAG,FLAG,OK,OK,,,,,,,,350,2800,Medium CLV
CUST1813,Female,28,Chennai,11-04-2023,23-07-2024,6,Makeup,0.09,4.4,2.9,2100,162,YES,LOW RISK,OK,OK,FLAG,OK,OK,,,,,,,,350,2100,Medium CLV
CUST1814,Female,51,Mumbai,24-01-2023,28-02-2024,3,Haircare,0.21,5.2,4.7,1350,308,YES,LOW RISK,FLAG,FLAG,OK,OK,OK,,,,,,,,450,1350,Low CLV
CUST1815,Male,41,Bangalore,11-01-2023,30-03-2024,4,Skincare,0.4,2.2,3.6,1400,277,YES,LOW RISK,OK,OK,OK,OK,OK,,,,,,,,350,1400,Low CLV
CUST1816,Male,32,Mumbai,30-09-2023,23-01-2024,3,Haircare,0.31,5.1,3.5,1050,344,YES,LOW RISK,OK,FLAG,OK,OK,OK,,,,,,,,350,1050,Low CLV
CUST1817,Male,55,Chennai,08-10-2023,03-12-2024,1,Haircare,0.24,5.9,2.6,350,29,NO,HIGH RISK,FLAG,FLAG,FLAG,FLAG,OK,,,,,,,,350,350,Low CLV
CUST1818,Female,25,Bangalore,04-04-2023,22-05-2024,5,Skincare,0.52,4.5,3.7,1750,224,YES,LOW RISK,OK,OK,OK,OK,FLAG,,,,,,,,350,1750,Medium CLV
CUST1819,Male,22,Bangalore,20-07-2023,08-01-2024,1,Makeup,0.63,3.8,3.9,350,359,YES,LOW RISK,OK,OK,OK,FLAG,FLAG,,,,,,,,350,350,Low CLV
CUST1820,Male,43,Mumbai,21-01-2023,12-04-2024,1,Fragrance,0.53,3.4,3.9,350,264,YES,LOW RISK,OK,OK,OK,FLAG,FLAG,,,,,,,,350,350,Low CLV
CUST1821,Female,35,Chennai,30-07-2023,03-10-2024,2,Fragrance,0.23,5.2,4.3,900,90,NO,LOW RISK,OK,FLAG,OK,OK,OK,,,,,,,,450,900,Low CLV
CUST1822,Female,23,Hyderabad,20-05-2023,04-08-2024,4,Fragrance,0.52,5.5,2.9,1400,150,YES,LOW RISK,OK,FLAG,FLAG,OK,FLAG,,,,,,,,350,1400,Low CLV
CUST1823,Male,54,Chennai,20-10-2023,03-12-2024,6,Skincare,0.11,6.4,3.1,2100,29,NO,HIGH RISK,FLAG,FLAG,FLAG,OK,OK,,,,,,,,350,2100,Medium CLV
CUST1824,Female,30,Delhi,25-10-2023,11-01-2024,8,Haircare,0.09,3.7,4.5,3600,356,YES,LOW RISK,OK,OK,OK,OK,OK,,,,,,,,450,3600,High CLV
CUST1825,Female,45,Pune,11-04-2023,30-04-2024,3,Makeup,0.24,5.8,4.9,1350,246,YES,LOW RISK,OK,FLAG,OK,OK,OK,,,,,,,,450,1350,Low CLV
CUST1826,Male,22,Hyderabad,28-01-2023,07-08-2024,1,Haircare,0.57,4.8,2.8,350,147,YES,LOW RISK,OK,OK,FLAG,FLAG,FLAG,,,,,,,,350,350,Low CLV
CUST1827,Female,30,Bangalore,10-02-2023,12-06-2024,3,Fragrance,0.17,6.4,3.7,1050,203,YES,LOW RISK,OK,FLAG,OK,OK,OK,,,,,,,,350,1050,Low CLV
CUST1828,Male,34,Hyderabad,26-05-2023,31-07-2024,3,Haircare,0.04,4.6,3,1050,154,YES,LOW RISK,OK,OK,FLAG,OK,OK,,,,,,,,350,1050,Low CLV
CUST1829,Female,57,Bangalore,13-09-2023,04-12-2024,5,Skincare,0.09,4.6,2.7,1750,28,NO,LOW RISK,FLAG,OK,FLAG,OK,OK,,,,,,,,350,1750,Medium CLV
CUST1830,Male,49,Bangalore,15-08-2023,17-08-2024,4,Skincare,0.6,4.9,3.3,1400,137,YES,LOW RISK,OK,OK,FLAG,OK,FLAG,,,,,,,,350,1400,Low CLV
CUST1831,Male,46,Hyderabad,24-08-2023,21-02-2024,4,Makeup,0.44,5.7,2.9,1400,315,YES,LOW RISK,OK,FLAG,FLAG,OK,OK,,,,,,,,350,1400,Low CLV
CUST1832,Male,20,Bangalore,13-01-2023,17-03-2024,9,Makeup,0.18,6.8,4.3,4050,290,YES,LOW RISK,OK,FLAG,OK,OK,OK,,,,,,,,450,4050,High CLV
CUST1833,Female,57,Bangalore,29-07-2023,06-09-2024,7,Fragrance,0.39,2.4,3.8,2450,117,YES,LOW RISK,FLAG,OK,OK,OK,OK,,,,,,,,350,2450,Medium CLV
CUST1834,Male,51,Delhi,17-08-2023,14-10-2024,4,Makeup,0.37,2.3,2.9,1400,79,NO,LOW RISK,FLAG,OK,FLAG,OK,OK,,,,,,,,350,1400,Low CLV
CUST1835,Female,57,Chennai,10-04-2023,09-10-2024,3,Haircare,0.46,6.7,2.5,1050,84,NO,HIGH RISK,FLAG,FLAG,FLAG,OK,OK,,,,,,,,350,1050,Low CLV
CUST1836,Male,44,Chennai,31-01-2023,02-04-2024,6,Skincare,0.16,4.6,4.5,2700,274,YES,LOW RISK,OK,OK,OK,OK,OK,,,,,,,,450,2700,Medium CLV
CUST1837,Male,30,Pune,16-01-2023,27-05-2024,3,Skincare,0.61,5.1,2.9,1050,219,YES,LOW RISK,OK,FLAG,FLAG,OK,FLAG,,,,,,,,350,1050,Low CLV
CUST1838,Female,50,Pune,17-05-2023,15-07-2024,6,Skincare,0.22,4.4,4,2100,170,YES,LOW RISK,OK,OK,OK,OK,OK,,,,,,,,350,2100,Medium CLV
CUST1839,Male,23,Delhi,15-06-2023,08-10-2024,9,Makeup,0.49,2.5,3.3,3150,85,NO,LOW RISK,OK,OK,FLAG,OK,OK,,,,,,,,350,3150,Medium CLV
CUST1840,Male,41,Pune,10-04-2023,23-06-2024,6,Skincare,0.01,5.8,4,2100,192,YES,LOW RISK,OK,FLAG,OK,OK,OK,,,,,,,,350,2100,Medium CLV
CUST1841,Female,36,Hyderabad,19-04-2023,18-08-2024,4,Skincare,0.26,5.7,3.3,1400,136,YES,LOW RISK,OK,FLAG,FLAG,OK,OK,,,,,,,,350,1400,Low CLV
CUST1842,Male,33,Mumbai,22-06-2023,06-10-2024,5,Skincare,0.25,3.6,2.7,1750,87,NO,LOW RISK,OK,OK,FLAG,OK,OK,,,,,,,,350,1750,Medium CLV
CUST1843,Male,57,Mumbai,25-08-2023,28-11-2024,6,Fragrance,0.38,3.5,3.1,2100,34,NO,LOW RISK,FLAG,OK,FLAG,OK,OK,,,,,,,,350,2100,Medium CLV
CUST1844,Male,45,Mumbai,11-06-2023,09-09-2024,3,Fragrance,0.05,6.2,3,1050,114,YES,LOW RISK,OK,FLAG,FLAG,OK,OK,,,,,,,,350,1050,Low CLV
CUST1845,Male,50,Delhi,04-08-2023,08-01-2024,8,Makeup,0.55,2.4,3.6,2800,359,YES,LOW RISK,OK,OK,OK,OK,FLAG,,,,,,,,350,2800,Medium CLV
CUST1846,Female,58,Delhi,21-09-2023,28-01-2024,4,Skincare,0.15,6.4,4.1,1800,339,YES,LOW RISK,FLAG,FLAG,OK,OK,OK,,,,,,,,450,1800,Medium CLV
CUST1847,Female,30,Bangalore,20-09-2023,20-11-2024,8,Makeup,0.47,3.3,3.2,2800,42,NO,LOW RISK,OK,OK,FLAG,OK,OK,,,,,,,,350,2800,Medium CLV
CUST1848,Male,42,Mumbai,19-10-2023,06-12-2024,3,Skincare,0.56,5,2.5,1050,26,NO,LOW RISK,OK,OK,FLAG,OK,FLAG,,,,,,,,350,1050,Low CLV
CUST1849,Female,59,Hyderabad,01-10-2023,14-02-2024,7,Skincare,0.39,6.7,3.8,2450,322,YES,LOW RISK,FLAG,FLAG,OK,OK,OK,,,,,,,,350,2450,Medium CLV
CUST1850,Male,53,Pune,03-01-2023,04-04-2024,9,Skincare,0.52,5.4,4,3150,272,YES,LOW RISK,FLAG,FLAG,OK,OK,FLAG,,,,,,,,350,3150,Medium CLV
CUST1851,Female,44,Hyderabad,28-01-2023,05-07-2024,4,Makeup,0.46,4.1,4.9,1800,180,YES,LOW RISK,OK,OK,OK,OK,OK,,,,,,,,450,1800,Medium CLV
CUST1852,Male,55,Pune,29-05-2023,29-09-2024,8,Makeup,0.25,5.4,4,2800,94,YES,LOW RISK,FLAG,FLAG,OK,OK,OK,,,,,,,,350,2800,Medium CLV
CUST1853,Male,24,Mumbai,28-01-2023,29-03-2024,3,Skincare,0.57,3.7,3.7,1050,278,YES,LOW RISK,OK,OK,OK,OK,FLAG,,,,,,,,350,1050,Low CLV
CUST1854,Male,22,Mumbai,06-03-2023,22-04-2024,7,Haircare,0.21,3.4,3.9,2450,254,YES,LOW RISK,OK,OK,OK,OK,OK,,,,,,,,350,2450,Medium CLV
CUST1855,Male,48,Mumbai,21-01-2023,22-06-2024,3,Makeup,0.4,7,4.8,1350,193,YES,LOW RISK,OK,FLAG,OK,OK,OK,,,,,,,,450,1350,Low CLV
CUST1856,Male,40,Delhi,09-09-2023,19-02-2024,7,Fragrance,0.52,5.8,4.6,3150,317,YES,LOW RISK,OK,FLAG,OK,OK,FLAG,,,,,,,,450,3150,Medium CLV
CUST1857,Male,59,Pune,23-08-2023,05-01-2024,6,Makeup,0.27,5.2,3.3,2100,362,YES,LOW RISK,FLAG,FLAG,FLAG,OK,OK,,,,,,,,350,2100,Medium CLV
CUST1858,Female,27,Delhi,15-08-2023,11-10-2024,2,Skincare,0.21,3.8,3.1,700,82,NO,LOW RISK,OK,OK,FLAG,OK,OK,,,,,,,,350,700,Low CLV
CUST1859,Male,49,Delhi,13-01-2023,23-04-2024,3,Haircare,0.32,2.2,3.2,1050,253,YES,LOW RISK,OK,OK,FLAG,OK,OK,,,,,,,,350,1050,Low CLV
CUST1860,Female,47,Chennai,18-02-2023,09-06-2024,6,Skincare,0.57,2.2,3.8,2100,206,YES,LOW RISK,OK,OK,OK,OK,FLAG,,,,,,,,350,2100,Medium CLV
CUST1861,Male,56,Hyderabad,28-04-2023,17-10-2024,4,Fragrance,0.65,4.8,4.4,1800,76,NO,LOW RISK,FLAG,OK,OK,OK,FLAG,,,,,,,,450,1800,Medium CLV
CUST1862,Female,48,Hyderabad,23-02-2023,25-04-2024,6,Makeup,0.38,5.8,3.8,2100,251,YES,LOW RISK,OK,FLAG,OK,OK,OK,,,,,,,,350,2100,Medium CLV
CUST1863,Female,35,Bangalore,18-05-2023,25-06-2024,1,Makeup,0.46,4.7,2.7,350,190,YES,LOW RISK,OK,OK,FLAG,FLAG,OK,,,,,,,,350,350,Low CLV
CUST1864,Female,53,Delhi,22-02-2023,20-04-2024,1,Skincare,0.63,6.2,4.3,450,256,YES,LOW RISK,FLAG,FLAG,OK,FLAG,FLAG,,,,,,,,450,450,Low CLV
CUST1865,Male,19,Pune,13-02-2023,22-05-2024,3,Skincare,0.07,2.2,4.5,1350,224,YES,LOW RISK,OK,OK,OK,OK,OK,,,,,,,,450,1350,Low CLV
CUST1866,Male,31,Chennai,22-02-2023,01-09-2024,8,Fragrance,0.16,3.8,3.2,2800,122,YES,LOW RISK,OK,OK,FLAG,OK,OK,,,,,,,,350,2800,Medium CLV
CUST1867,Female,30,Chennai,15-03-2023,27-04-2024,8,Haircare,0.5,3.2,4.2,3600,249,YES,LOW RISK,OK,OK,OK,OK,OK,,,,,,,,450,3600,High CLV
CUST1868,Male,46,Hyderabad,15-02-2023,15-03-2024,4,Fragrance,0.58,4.2,3.6,1400,292,YES,LOW RISK,OK,OK,OK,OK,FLAG,,,,,,,,350,1400,Low CLV
CUST1869,Female,29,Delhi,13-01-2023,12-03-2024,6,Haircare,0.6,2.4,4.7,2700,295,YES,LOW RISK,OK,OK,OK,OK,FLAG,,,,,,,,450,2700,Medium CLV
CUST1870,Male,56,Bangalore,14-06-2023,23-08-2024,8,Makeup,0.29,6.8,4.6,3600,131,YES,LOW RISK,FLAG,FLAG,OK,OK,OK,,,,,,,,450,3600,High CLV
CUST1871,Female,19,Delhi,12-04-2023,12-07-2024,7,Haircare,0.06,3.1,3.8,2450,173,YES,LOW RISK,OK,OK,OK,OK,OK,,,,,,,,350,2450,Medium CLV
CUST1872,Female,49,Mumbai,07-10-2023,15-10-2024,7,Haircare,0.31,6.6,4.2,3150,78,NO,LOW RISK,OK,FLAG,OK,OK,OK,,,,,,,,450,3150,Medium CLV
CUST1873,Male,30,Delhi,15-09-2023,19-01-2024,4,Makeup,0.16,4.1,4.7,1800,348,YES,LOW RISK,OK,OK,OK,OK,OK,,,,,,,,450,1800,Medium CLV
CUST1874,Female,44,Mumbai,18-05-2023,28-09-2024,9,Makeup,0.2,6.9,3.7,3150,95,YES,LOW RISK,OK,FLAG,OK,OK,OK,,,,,,,,350,3150,Medium CLV
CUST1875,Male,58,Mumbai,12-06-2023,15-11-2024,6,Makeup,0.54,4.8,3.3,2100,47,NO,LOW RISK,FLAG,OK,FLAG,OK,FLAG,,,,,,,,350,2100,Medium CLV
CUST1876,Female,34,Bangalore,21-04-2023,23-10-2024,3,Fragrance,0.05,6.7,4.4,1350,70,NO,LOW RISK,OK,FLAG,OK,OK,OK,,,,,,,,450,1350,Low CLV
CUST1877,Female,57,Pune,12-04-2023,03-09-2024,5,Makeup,0.58,2,3.1,1750,120,YES,LOW RISK,FLAG,OK,FLAG,OK,FLAG,,,,,,,,350,1750,Medium CLV
CUST1878,Male,48,Hyderabad,17-01-2023,09-06-2024,5,Skincare,0.3,5.7,3.5,1750,206,YES,LOW RISK,OK,FLAG,OK,OK,OK,,,,,,,,350,1750,Medium CLV
CUST1879,Male,51,Delhi,25-09-2023,02-02-2024,5,Makeup,0.42,6.5,4.7,2250,334,YES,LOW RISK,FLAG,FLAG,OK,OK,OK,,,,,,,,450,2250,Medium CLV
CUST1880,Male,41,Mumbai,01-07-2023,21-07-2024,8,Makeup,0.06,2.7,4.3,3600,164,YES,LOW RISK,OK,OK,OK,OK,OK,,,,,,,,450,3600,High CLV
CUST1881,Female,52,Delhi,24-01-2023,28-03-2024,9,Makeup,0.24,2.5,3.5,3150,279,YES,LOW RISK,FLAG,OK,OK,OK,OK,,,,,,,,350,3150,Medium CLV
CUST1882,Male,23,Pune,29-01-2023,28-04-2024,9,Haircare,0.06,4.1,3,3150,248,YES,LOW RISK,OK,OK,FLAG,OK,OK,,,,,,,,350,3150,Medium CLV
CUST1883,Female,36,Hyderabad,20-06-2023,25-07-2024,6,Fragrance,0.67,6.7,3.4,2100,160,YES,LOW RISK,OK,FLAG,FLAG,OK,FLAG,,,,,,,,350,2100,Medium CLV
CUST1884,Female,47,Pune,16-08-2023,16-10-2024,6,Makeup,0.57,4.7,3.2,2100,77,NO,LOW RISK,OK,OK,FLAG,OK,FLAG,,,,,,,,350,2100,Medium CLV
CUST1885,Male,24,Hyderabad,07-07-2023,23-12-2024,9,Fragrance,0.32,4.6,2.9,3150,9,NO,LOW RISK,OK,OK,FLAG,OK,OK,,,,,,,,350,3150,Medium CLV
CUST1886,Male,27,Chennai,18-08-2023,01-11-2024,4,Skincare,0.16,2.7,4.4,1800,61,NO,LOW RISK,OK,OK,OK,OK,OK,,,,,,,,450,1800,Medium CLV
CUST1887,Female,58,Hyderabad,29-04-2023,15-10-2024,6,Skincare,0.65,2,3.1,2100,78,NO,LOW RISK,FLAG,OK,FLAG,OK,FLAG,,,,,,,,350,2100,Medium CLV
CUST1888,Female,49,Bangalore,05-06-2023,10-12-2024,4,Makeup,0.24,6.1,3.6,1400,22,NO,LOW RISK,OK,FLAG,OK,OK,OK,,,,,,,,350,1400,Low CLV
CUST1889,Male,51,Pune,29-09-2023,11-10-2024,1,Skincare,0.11,2.4,3.5,350,82,NO,LOW RISK,FLAG,OK,OK,FLAG,OK,,,,,,,,350,350,Low CLV
CUST1890,Male,45,Mumbai,24-06-2023,04-07-2024,7,Fragrance,0.39,5.2,5,3150,181,YES,LOW RISK,OK,FLAG,OK,OK,OK,,,,,,,,450,3150,Medium CLV
CUST1891,Male,32,Chennai,14-04-2023,06-06-2024,6,Haircare,0.66,6.6,3.5,2100,209,YES,LOW RISK,OK,FLAG,OK,OK,FLAG,,,,,,,,350,2100,Medium CLV
CUST1892,Male,47,Bangalore,02-04-2023,17-04-2024,9,Makeup,0,3,2.7,3150,259,YES,LOW RISK,OK,OK,FLAG,OK,OK,,,,,,,,350,3150,Medium CLV
CUST1893,Male,54,Delhi,05-07-2023,12-07-2024,7,Skincare,0.17,5.3,2.7,2450,173,YES,LOW RISK,FLAG,FLAG,FLAG,OK,OK,,,,,,,,350,2450,Medium CLV
CUST1894,Female,46,Pune,10-10-2023,21-01-2024,7,Fragrance,0.66,2.4,4,2450,346,YES,LOW RISK,OK,OK,OK,OK,FLAG,,,,,,,,350,2450,Medium CLV
CUST1895,Female,39,Mumbai,30-06-2023,27-08-2024,2,Fragrance,0.12,5,4,700,127,YES,LOW RISK,OK,OK,OK,OK,OK,,,,,,,,350,700,Low CLV
CUST1896,Female,21,Hyderabad,19-06-2023,14-08-2024,9,Skincare,0.08,2.8,3.5,3150,140,YES,LOW RISK,OK,OK,OK,OK,OK,,,,,,,,350,3150,Medium CLV
CUST1897,Female,37,Mumbai,06-07-2023,14-08-2024,9,Fragrance,0.4,5.7,3.6,3150,140,YES,LOW RISK,OK,FLAG,OK,OK,OK,,,,,,,,350,3150,Medium CLV
CUST1898,Male,49,Delhi,24-06-2023,27-12-2024,6,Fragrance,0.6,3.5,2.6,2100,5,NO,LOW RISK,OK,OK,FLAG,OK,FLAG,,,,,,,,350,2100,Medium CLV
CUST1899,Male,53,Chennai,10-08-2023,17-12-2024,3,Makeup,0.33,4.3,3.8,1050,15,NO,LOW RISK,FLAG,OK,OK,OK,OK,,,,,,,,350,1050,Low CLV
CUST1900,Male,21,Chennai,21-08-2023,22-11-2024,1,Fragrance,0.7,5,3.8,350,40,NO,LOW RISK,OK,OK,OK,FLAG,FLAG,,,,,,,,350,350,Low CLV
CUST1901,Female,44,Pune,11-06-2023,26-10-2024,4,Skincare,0.48,2.9,2.9,1400,67,NO,LOW RISK,OK,OK,FLAG,OK,OK,,,,,,,,350,1400,Low CLV
CUST1902,Female,34,Chennai,14-05-2023,26-06-2024,3,Makeup,0.05,5.7,2.8,1050,189,YES,LOW RISK,OK,FLAG,FLAG,OK,OK,,,,,,,,350,1050,Low CLV
CUST1903,Male,29,Pune,12-08-2023,28-12-2024,1,Skincare,0.69,3.5,2.8,350,4,NO,LOW RISK,OK,OK,FLAG,FLAG,FLAG,,,,,,,,350,350,Low CLV
CUST1904,Male,39,Pune,02-06-2023,20-08-2024,3,Haircare,0.29,5.3,2.8,1050,134,YES,LOW RISK,OK,FLAG,FLAG,OK,OK,,,,,,,,350,1050,Low CLV
CUST1905,Female,34,Pune,02-02-2023,23-04-2024,4,Skincare,0.2,2.8,4,1400,253,YES,LOW RISK,OK,OK,OK,OK,OK,,,,,,,,350,1400,Low CLV
CUST1906,Female,27,Hyderabad,24-02-2023,25-02-2024,8,Skincare,0.39,5.4,3,2800,311,YES,LOW RISK,OK,FLAG,FLAG,OK,OK,,,,,,,,350,2800,Medium CLV
CUST1907,Male,18,Bangalore,07-01-2023,03-07-2024,9,Makeup,0.21,2.6,3.1,3150,182,YES,LOW RISK,OK,OK,FLAG,OK,OK,,,,,,,,350,3150,Medium CLV
CUST1908,Male,39,Pune,01-09-2023,18-01-2024,3,Fragrance,0.06,4.1,2.9,1050,349,YES,LOW RISK,OK,OK,FLAG,OK,OK,,,,,,,,350,1050,Low CLV
CUST1909,Female,43,Pune,06-05-2023,28-08-2024,6,Skincare,0,3.2,4.9,2700,126,YES,LOW RISK,OK,OK,OK,OK,OK,,,,,,,,450,2700,Medium CLV
CUST1910,Male,35,Bangalore,12-01-2023,11-04-2024,5,Makeup,0.31,5.7,4.6,2250,265,YES,LOW RISK,OK,FLAG,OK,OK,OK,,,,,,,,450,2250,Medium CLV
CUST1911,Male,31,Mumbai,16-01-2023,07-02-2024,6,Haircare,0.59,3.3,3.1,2100,329,YES,LOW RISK,OK,OK,FLAG,OK,FLAG,,,,,,,,350,2100,Medium CLV
CUST1912,Male,46,Pune,27-07-2023,19-12-2024,4,Makeup,0.4,6.4,3.3,1400,13,NO,HIGH RISK,OK,FLAG,FLAG,OK,OK,,,,,,,,350,1400,Low CLV
CUST1913,Female,29,Hyderabad,12-02-2023,14-04-2024,6,Makeup,0.7,6.5,3,2100,262,YES,LOW RISK,OK,FLAG,FLAG,OK,FLAG,,,,,,,,350,2100,Medium CLV
CUST1914,Female,53,Chennai,15-05-2023,04-09-2024,7,Fragrance,0.2,3,3.7,2450,119,YES,LOW RISK,FLAG,OK,OK,OK,OK,,,,,,,,350,2450,Medium CLV
CUST1915,Female,52,Chennai,16-08-2023,21-12-2024,9,Skincare,0.2,5.1,2.5,3150,11,NO,HIGH RISK,FLAG,FLAG,FLAG,OK,OK,,,,,,,,350,3150,Medium CLV
CUST1916,Female,29,Delhi,21-04-2023,21-06-2024,7,Haircare,0.11,2.4,4.2,3150,194,YES,LOW RISK,OK,OK,OK,OK,OK,,,,,,,,450,3150,Medium CLV
CUST1917,Female,24,Delhi,09-06-2023,16-07-2024,6,Makeup,0.11,4,3.8,2100,169,YES,LOW RISK,OK,OK,OK,OK,OK,,,,,,,,350,2100,Medium CLV
CUST1918,Female,46,Chennai,21-09-2023,02-04-2024,1,Skincare,0.2,5.6,4.7,450,274,YES,LOW RISK,OK,FLAG,OK,FLAG,OK,,,,,,,,450,450,Low CLV
CUST1919,Female,28,Chennai,13-08-2023,25-01-2024,2,Skincare,0.55,5.3,2.9,700,342,YES,LOW RISK,OK,FLAG,FLAG,OK,FLAG,,,,,,,,350,700,Low CLV
CUST1920,Male,50,Hyderabad,05-08-2023,15-02-2024,1,Makeup,0.63,5.1,4.5,450,321,YES,LOW RISK,OK,FLAG,OK,FLAG,FLAG,,,,,,,,450,450,Low CLV
CUST1921,Male,23,Bangalore,14-02-2023,15-04-2024,9,Skincare,0.68,3.4,4.5,4050,261,YES,LOW RISK,OK,OK,OK,OK,FLAG,,,,,,,,450,4050,High CLV
CUST1922,Male,32,Delhi,02-08-2023,08-12-2024,9,Makeup,0.16,3.9,2.8,3150,24,NO,LOW RISK,OK,OK,FLAG,OK,OK,,,,,,,,350,3150,Medium CLV
CUST1923,Male,49,Bangalore,28-02-2023,19-08-2024,7,Makeup,0.62,2.5,3.5,2450,135,YES,LOW RISK,OK,OK,OK,OK,FLAG,,,,,,,,350,2450,Medium CLV
CUST1924,Male,28,Hyderabad,12-05-2023,14-10-2024,2,Makeup,0.23,5.6,2.9,700,79,NO,HIGH RISK,OK,FLAG,FLAG,OK,OK,,,,,,,,350,700,Low CLV
CUST1925,Male,40,Chennai,14-04-2023,09-09-2024,6,Haircare,0.08,4.5,3.1,2100,114,YES,LOW RISK,OK,OK,FLAG,OK,OK,,,,,,,,350,2100,Medium CLV
CUST1926,Male,43,Pune,14-07-2023,12-11-2024,4,Makeup,0.61,5.5,3.2,1400,50,NO,HIGH RISK,OK,FLAG,FLAG,OK,FLAG,,,,,,,,350,1400,Low CLV
CUST1927,Female,51,Bangalore,06-06-2023,23-09-2024,1,Fragrance,0.45,3.2,3.9,350,100,YES,LOW RISK,FLAG,OK,OK,FLAG,OK,,,,,,,,350,350,Low CLV
CUST1928,Female,51,Chennai,08-04-2023,20-04-2024,1,Skincare,0.12,3.6,3.5,350,256,YES,LOW RISK,FLAG,OK,OK,FLAG,OK,,,,,,,,350,350,Low CLV
CUST1929,Male,46,Chennai,14-08-2023,15-01-2024,5,Haircare,0.3,3.7,4.9,2250,352,YES,LOW RISK,OK,OK,OK,OK,OK,,,,,,,,450,2250,Medium CLV
CUST1930,Male,21,Mumbai,24-07-2023,31-10-2024,2,Skincare,0.2,2.1,2.8,700,62,NO,LOW RISK,OK,OK,FLAG,OK,OK,,,,,,,,350,700,Low CLV
CUST1931,Female,34,Bangalore,20-03-2023,01-08-2024,4,Haircare,0.52,3.7,4.9,1800,153,YES,LOW RISK,OK,OK,OK,OK,FLAG,,,,,,,,450,1800,Medium CLV
CUST1932,Male,52,Pune,04-05-2023,25-05-2024,1,Fragrance,0.32,6,3.1,350,221,YES,LOW RISK,FLAG,FLAG,FLAG,FLAG,OK,,,,,,,,350,350,Low CLV
CUST1933,Male,30,Bangalore,06-08-2023,18-10-2024,4,Haircare,0.69,6.5,4.4,1800,75,NO,LOW RISK,OK,FLAG,OK,OK,FLAG,,,,,,,,450,1800,Medium CLV
CUST1934,Female,58,Chennai,04-01-2023,03-07-2024,6,Haircare,0.04,4.6,3.3,2100,182,YES,LOW RISK,FLAG,OK,FLAG,OK,OK,,,,,,,,350,2100,Medium CLV
CUST1935,Male,56,Pune,31-03-2023,09-08-2024,4,Haircare,0.25,4.3,2.9,1400,145,YES,LOW RISK,FLAG,OK,FLAG,OK,OK,,,,,,,,350,1400,Low CLV
CUST1936,Female,32,Hyderabad,14-04-2023,06-05-2024,1,Skincare,0.34,2.2,4.6,450,240,YES,LOW RISK,OK,OK,OK,FLAG,OK,,,,,,,,450,450,Low CLV
CUST1937,Male,46,Mumbai,29-04-2023,25-08-2024,7,Makeup,0.35,6.4,3.3,2450,129,YES,LOW RISK,OK,FLAG,FLAG,OK,OK,,,,,,,,350,2450,Medium CLV
CUST1938,Female,46,Chennai,13-05-2023,21-07-2024,2,Skincare,0.22,2.1,4.1,900,164,YES,LOW RISK,OK,OK,OK,OK,OK,,,,,,,,450,900,Low CLV
CUST1939,Female,28,Delhi,06-04-2023,28-06-2024,9,Makeup,0.51,6.7,3.9,3150,187,YES,LOW RISK,OK,FLAG,OK,OK,FLAG,,,,,,,,350,3150,Medium CLV
CUST1940,Female,49,Delhi,23-05-2023,31-08-2024,3,Skincare,0.61,4.4,3.7,1050,123,YES,LOW RISK,OK,OK,OK,OK,FLAG,,,,,,,,350,1050,Low CLV
CUST1941,Male,19,Mumbai,15-10-2023,06-01-2024,8,Fragrance,0.66,3.7,3.7,2800,361,YES,LOW RISK,OK,OK,OK,OK,FLAG,,,,,,,,350,2800,Medium CLV
CUST1942,Female,31,Hyderabad,28-01-2023,07-07-2024,8,Fragrance,0.56,6.6,4.3,3600,178,YES,LOW RISK,OK,FLAG,OK,OK,FLAG,,,,,,,,450,3600,High CLV
CUST1943,Male,37,Chennai,05-10-2023,01-11-2024,3,Haircare,0.6,2.1,2.7,1050,61,NO,LOW RISK,OK,OK,FLAG,OK,FLAG,,,,,,,,350,1050,Low CLV
CUST1944,Male,39,Bangalore,21-08-2023,03-01-2024,4,Fragrance,0.39,4.9,4.2,1800,364,YES,LOW RISK,OK,OK,OK,OK,OK,,,,,,,,450,1800,Medium CLV
CUST1945,Male,28,Mumbai,17-01-2023,17-01-2024,2,Haircare,0.58,4.7,4.7,900,350,YES,LOW RISK,OK,OK,OK,OK,FLAG,,,,,,,,450,900,Low CLV
CUST1946,Male,44,Hyderabad,28-02-2023,11-08-2024,4,Makeup,0.21,3.1,2.6,1400,143,YES,LOW RISK,OK,OK,FLAG,OK,OK,,,,,,,,350,1400,Low CLV
CUST1947,Female,20,Bangalore,31-03-2023,01-06-2024,9,Fragrance,0.28,4.1,2.9,3150,214,YES,LOW RISK,OK,OK,FLAG,OK,OK,,,,,,,,350,3150,Medium CLV
CUST1948,Female,34,Delhi,18-07-2023,08-08-2024,2,Makeup,0.22,5.3,4.3,900,146,YES,LOW RISK,OK,FLAG,OK,OK,OK,,,,,,,,450,900,Low CLV
CUST1949,Male,45,Delhi,26-01-2023,05-04-2024,3,Skincare,0.33,5.6,3.6,1050,271,YES,LOW RISK,OK,FLAG,OK,OK,OK,,,,,,,,350,1050,Low CLV
CUST1950,Male,46,Bangalore,25-01-2023,29-05-2024,4,Makeup,0.2,2,3.5,1400,217,YES,LOW RISK,OK,OK,OK,OK,OK,,,,,,,,350,1400,Low CLV
CUST1951,Female,38,Mumbai,24-09-2023,19-02-2024,5,Skincare,0.67,6.7,2.8,1750,317,YES,LOW RISK,OK,FLAG,FLAG,OK,FLAG,,,,,,,,350,1750,Medium CLV
CUST1952,Male,33,Delhi,30-06-2023,03-10-2024,1,Makeup,0.22,2.8,3.8,350,90,NO,LOW RISK,OK,OK,OK,FLAG,OK,,,,,,,,350,350,Low CLV
CUST1953,Female,54,Chennai,09-03-2023,18-08-2024,7,Makeup,0.07,3.2,2.8,2450,136,YES,LOW RISK,FLAG,OK,FLAG,OK,OK,,,,,,,,350,2450,Medium CLV
CUST1954,Male,37,Pune,18-02-2023,07-05-2024,7,Fragrance,0.37,3.3,3.7,2450,239,YES,LOW RISK,OK,OK,OK,OK,OK,,,,,,,,350,2450,Medium CLV
CUST1955,Male,23,Bangalore,24-06-2023,28-06-2024,9,Makeup,0.04,2.2,4.4,4050,187,YES,LOW RISK,OK,OK,OK,OK,OK,,,,,,,,450,4050,High CLV
CUST1956,Female,36,Bangalore,21-02-2023,21-04-2024,4,Fragrance,0.08,2.6,3.1,1400,255,YES,LOW RISK,OK,OK,FLAG,OK,OK,,,,,,,,350,1400,Low CLV
CUST1957,Male,22,Delhi,12-04-2023,09-08-2024,6,Fragrance,0.15,6.9,3.7,2100,145,YES,LOW RISK,OK,FLAG,OK,OK,OK,,,,,,,,350,2100,Medium CLV
CUST1958,Female,20,Mumbai,04-08-2023,18-09-2024,2,Haircare,0.33,3.6,5,900,105,YES,LOW RISK,OK,OK,OK,OK,OK,,,,,,,,450,900,Low CLV
CUST1959,Male,18,Chennai,07-07-2023,31-12-2024,4,Haircare,0.3,2.6,4.2,1800,1,NO,LOW RISK,OK,OK,OK,OK,OK,,,,,,,,450,1800,Medium CLV
CUST1960,Male,55,Mumbai,26-02-2023,20-08-2024,2,Skincare,0.56,2.5,4.6,900,134,YES,LOW RISK,FLAG,OK,OK,OK,FLAG,,,,,,,,450,900,Low CLV
CUST1961,Male,32,Hyderabad,16-02-2023,29-06-2024,5,Makeup,0.52,5.6,3.5,1750,186,YES,LOW RISK,OK,FLAG,OK,OK,FLAG,,,,,,,,350,1750,Medium CLV
CUST1962,Female,51,Hyderabad,08-06-2023,02-08-2024,7,Skincare,0.3,6.3,4.4,3150,152,YES,LOW RISK,FLAG,FLAG,OK,OK,OK,,,,,,,,450,3150,Medium CLV
CUST1963,Male,52,Pune,23-06-2023,10-10-2024,1,Makeup,0.23,3.3,2.6,350,83,NO,LOW RISK,FLAG,OK,FLAG,FLAG,OK,,,,,,,,350,350,Low CLV
CUST1964,Male,42,Delhi,30-08-2023,03-03-2024,7,Haircare,0.22,2.1,2.8,2450,304,YES,LOW RISK,OK,OK,FLAG,OK,OK,,,,,,,,350,2450,Medium CLV
CUST1965,Male,41,Delhi,09-10-2023,13-03-2024,6,Haircare,0.54,3.1,3,2100,294,YES,LOW RISK,OK,OK,FLAG,OK,FLAG,,,,,,,,350,2100,Medium CLV
CUST1966,Male,29,Delhi,29-08-2023,14-03-2024,6,Makeup,0.04,2.3,3.5,2100,293,YES,LOW RISK,OK,OK,OK,OK,OK,,,,,,,,350,2100,Medium CLV
CUST1967,Female,35,Pune,05-01-2023,18-04-2024,8,Makeup,0.01,2.5,4.6,3600,258,YES,LOW RISK,OK,OK,OK,OK,OK,,,,,,,,450,3600,High CLV
CUST1968,Female,32,Hyderabad,25-03-2023,09-06-2024,8,Haircare,0.56,4.2,3.4,2800,206,YES,LOW RISK,OK,OK,FLAG,OK,FLAG,,,,,,,,350,2800,Medium CLV
CUST1969,Male,33,Mumbai,05-09-2023,28-01-2024,6,Haircare,0.33,3.1,4.1,2700,339,YES,LOW RISK,OK,OK,OK,OK,OK,,,,,,,,450,2700,Medium CLV
CUST1970,Female,44,Pune,23-02-2023,24-02-2024,3,Skincare,0.09,4.6,4.3,1350,312,YES,LOW RISK,OK,OK,OK,OK,OK,,,,,,,,450,1350,Low CLV
CUST1971,Male,25,Pune,10-06-2023,17-06-2024,5,Haircare,0.16,3.3,4,1750,198,YES,LOW RISK,OK,OK,OK,OK,OK,,,,,,,,350,1750,Medium CLV
CUST1972,Male,42,Mumbai,14-08-2023,27-10-2024,2,Makeup,0.65,6.7,3.4,700,66,NO,HIGH RISK,OK,FLAG,FLAG,OK,FLAG,,,,,,,,350,700,Low CLV
CUST1973,Male,34,Delhi,15-01-2023,15-07-2024,5,Skincare,0.6,6.5,3.9,1750,170,YES,LOW RISK,OK,FLAG,OK,OK,FLAG,,,,,,,,350,1750,Medium CLV
CUST1974,Female,46,Chennai,12-08-2023,14-12-2024,9,Makeup,0.5,4.8,3.4,3150,18,NO,LOW RISK,OK,OK,FLAG,OK,OK,,,,,,,,350,3150,Medium CLV
CUST1975,Female,25,Mumbai,02-03-2023,08-04-2024,1,Fragrance,0.34,3.8,2.7,350,268,YES,LOW RISK,OK,OK,FLAG,FLAG,OK,,,,,,,,350,350,Low CLV
CUST1976,Female,32,Hyderabad,02-05-2023,24-10-2024,5,Skincare,0.36,3.9,5,2250,69,NO,LOW RISK,OK,OK,OK,OK,OK,,,,,,,,450,2250,Medium CLV
CUST1977,Female,44,Bangalore,04-10-2023,30-10-2024,6,Makeup,0.68,4.1,2.8,2100,63,NO,LOW RISK,OK,OK,FLAG,OK,FLAG,,,,,,,,350,2100,Medium CLV
CUST1978,Female,24,Bangalore,15-02-2023,06-03-2024,7,Haircare,0.68,5.6,2.7,2450,301,YES,LOW RISK,OK,FLAG,FLAG,OK,FLAG,,,,,,,,350,2450,Medium CLV
CUST1979,Female,20,Pune,21-10-2023,08-03-2024,9,Fragrance,0.15,4.3,4.7,4050,299,YES,LOW RISK,OK,OK,OK,OK,OK,,,,,,,,450,4050,High CLV
CUST1980,Female,46,Bangalore,03-03-2023,14-04-2024,6,Makeup,0.57,6.3,3.3,2100,262,YES,LOW RISK,OK,FLAG,FLAG,OK,FLAG,,,,,,,,350,2100,Medium CLV
CUST1981,Female,41,Chennai,27-03-2023,01-10-2024,5,Skincare,0.14,6.7,4.1,2250,92,YES,LOW RISK,OK,FLAG,OK,OK,OK,,,,,,,,450,2250,Medium CLV
CUST1982,Female,20,Delhi,29-07-2023,28-08-2024,7,Makeup,0.15,3.7,3.3,2450,126,YES,LOW RISK,OK,OK,FLAG,OK,OK,,,,,,,,350,2450,Medium CLV
CUST1983,Male,37,Hyderabad,19-03-2023,17-06-2024,1,Fragrance,0.47,4.8,3.5,350,198,YES,LOW RISK,OK,OK,OK,FLAG,OK,,,,,,,,350,350,Low CLV
CUST1984,Female,32,Chennai,21-07-2023,19-09-2024,5,Skincare,0.28,2.5,3.2,1750,104,YES,LOW RISK,OK,OK,FLAG,OK,OK,,,,,,,,350,1750,Medium CLV
CUST1985,Female,42,Hyderabad,11-08-2023,21-02-2024,2,Fragrance,0.65,3,3.4,700,315,YES,LOW RISK,OK,OK,FLAG,OK,FLAG,,,,,,,,350,700,Low CLV
CUST1986,Female,47,Hyderabad,10-08-2023,26-11-2024,4,Makeup,0.06,4.1,3.5,1400,36,NO,LOW RISK,OK,OK,OK,OK,OK,,,,,,,,350,1400,Low CLV
CUST1987,Female,31,Delhi,03-01-2023,03-04-2024,7,Haircare,0.36,3,4.3,3150,273,YES,LOW RISK,OK,OK,OK,OK,OK,,,,,,,,450,3150,Medium CLV
CUST1988,Female,24,Pune,06-01-2023,17-06-2024,5,Haircare,0.64,6.4,3.8,1750,198,YES,LOW RISK,OK,FLAG,OK,OK,FLAG,,,,,,,,350,1750,Medium CLV
CUST1989,Female,34,Bangalore,03-04-2023,06-07-2024,6,Makeup,0.63,2.8,4.9,2700,179,YES,LOW RISK,OK,OK,OK,OK,FLAG,,,,,,,,450,2700,Medium CLV
CUST1990,Female,37,Delhi,08-01-2023,30-05-2024,2,Makeup,0.11,4.3,2.6,700,216,YES,LOW RISK,OK,OK,FLAG,OK,OK,,,,,,,,350,700,Low CLV
CUST1991,Female,53,Chennai,23-08-2023,13-01-2024,3,Makeup,0.26,5,3.8,1050,354,YES,LOW RISK,FLAG,OK,OK,OK,OK,,,,,,,,350,1050,Low CLV
CUST1992,Female,26,Pune,18-04-2023,30-04-2024,7,Skincare,0.43,5.5,4,2450,246,YES,LOW RISK,OK,FLAG,OK,OK,OK,,,,,,,,350,2450,Medium CLV
CUST1993,Female,55,Chennai,10-06-2023,30-09-2024,2,Fragrance,0.11,3.9,4.8,900,93,YES,LOW RISK,FLAG,OK,OK,OK,OK,,,,,,,,450,900,Low CLV
CUST1994,Female,39,Pune,28-07-2023,31-08-2024,6,Fragrance,0.68,6.3,2.6,2100,123,YES,LOW RISK,OK,FLAG,FLAG,OK,FLAG,,,,,,,,350,2100,Medium CLV
CUST1995,Male,19,Chennai,28-08-2023,01-03-2024,5,Fragrance,0.64,4.8,3.9,1750,306,YES,LOW RISK,OK,OK,OK,OK,FLAG,,,,,,,,350,1750,Medium CLV
CUST1996,Male,41,Delhi,19-02-2023,17-07-2024,1,Makeup,0.12,4.2,4.6,450,168,YES,LOW RISK,OK,OK,OK,FLAG,OK,,,,,,,,450,450,Low CLV
CUST1997,Female,25,Pune,11-01-2023,11-07-2024,4,Fragrance,0.08,2.3,3.1,1400,174,YES,LOW RISK,OK,OK,FLAG,OK,OK,,,,,,,,350,1400,Low CLV
CUST1998,Female,28,Pune,05-06-2023,09-11-2024,2,Makeup,0.06,4.3,4.7,900,53,NO,LOW RISK,OK,OK,OK,OK,OK,,,,,,,,450,900,Low CLV
CUST1999,Male,30,Hyderabad,11-03-2023,27-04-2024,4,Skincare,0.64,6.1,2.5,1400,249,YES,LOW RISK,OK,FLAG,FLAG,OK,FLAG,,,,,,,,350,1400,Low CLV
